"UMI"	"UMIs"	"counts"	"read1"	"quality1"	"read2"	"quality2"	"ID1"	"ID2"
"AACACCGATA"	"AACACCGATA"	"1"	"ATCGCCGCCACCGGCCCGCGGAGCCCGGATGCTGGCCCGGAGGAAGCCGATGCTGCCGGCGCTCACCATCAACCCTACCATCGCCGAGGGCCCGTCCCCAACCAGCGAGGGCGCCTCCGAGGCAAACCTGGTGGACCTGCAGAAG"	"FFFFFFFFFFFFFFFFFFFFFFFFFFFFFFFFFFFFFFFFFFFF:FFFFFFFFFFFFFFFFFFFFFFF:F:FFFFF:FFFFFFFFF,FFFFFFFFFFFF:FFFFFFFFFFFFFFFFFFFFFFFFFFFFFFFFFFFFFFFFFFFFF"	"TCGTCAAGTTCCAGCTCCTCCAGCTTCTTCTGCAGGTCCACCAGGTTTGCCTCGGAGGCGCCCTCGCTGGTTGGGGACGGGCCCTCGGCGATGGTAGGGTTGATGGTGAGCGCCGGCAGCATCGGCTTCCTCCGGGCCAGCATCC"	"FFFFFFFFFFFFFFFFFFFFFFFFFFFFFFFFFFFFFFFFFF:FFFFFFFFFFFFFFFFFFFFFFFF:FFFFFFFFFFFFFFFFFFFFFFF,FFF,FFFFFFFFFFFFFFFFFFFFF:FFFFFFFF:FFFFFFFFFFFFFFFFFF"	"A00121:799:HWLVMDRX2:1:2164:2338:22858 1:N:0:TATCTTCAGC+CGAATATTGG AACAC"	"A00121:799:HWLVMDRX2:1:2164:2338:22858 2:N:0:TATCTTCAGC+CGAATATTGG CGATA"
"AAGGACGAAT"	"AAGGACGAAT|AACACCTTGG"	"2|1"	"TCATGATGAGGAGGCCCCCAGATCAGGTGCGTGCGGCGGCCCGATGGCCTCTGGCCCGATCCGCAGACCCAGGACTGCCTCCAGCTTCCGACGCGGGTCGGAGTGCTCCGAGCACTACGAATGCCGGACGTGCTGGGGAGGAAGG"	"FFFFFFFFF@FFFF=FFFFFFFFFFF@FFFFFFFFFFFFFFFFFF@FFFFFFFFFFFFF99FFFF@FF=FFFFFFFFF9FFFFFFFFFFFFFFFFFFFFFFFFFFFF@FFFFFFFFFFFFFFF9FFFFFF@FFFF@FFFFFFFFF"	"CTCCCGGGTCCGTCCTGCCCTTCTCGCCCGGCATTCCTGGTGCCCCGAGCCCTATGCCCCGCGTCCAGACCTGGAGGCACACCTATGTCTCCGGGTAATCCCAGCGGCCGAGGGGGCGCCTGACGCTCCTGGTCCTGGGCCCTGG"	"FFFFFFFFFFFFFFFFFFFFBF@FFFFFFFFFFF@FFFFFFFFFFFFFFFFFFFFFFFFFFFFFF@FFFFFFFFFFFFFFFFFFF:FFFFFFFFFFFFFFFF@F@FFFFFFFFFFFFFFFFFFFFFFFFFFF@@FFFFFFFFFFF"	"A00121:799:HWLVMDRX2:1:2151:24099:32863 1:N:0:TATCTTCAGC+CGAATATTGG AAGGA"	"A00121:799:HWLVMDRX2:1:2151:24099:32863 2:N:0:TATCTTCAGC+CGAATATTGG CGAAT"
"AGCATAACAC"	"AGCATAACAC"	"1"	"CTAAGTAGTGCTATATTTATGTTGACTTTTTAGTTTTACTTTATATGTTATTAATATGAGTATTGTTAACCTTGCAGAATGGTCGATGTAGGGGGCCGAAGGTCAGAGAGAAGAAAATGGATACACTGCTTTGAAAATGTCACCT"	"FFFFFFFFFFFFFFFFFFFFFFFFFFFFFFFFFFFFFFFFFFFFFFFFFFFFFFFFFFFFFFFFFFFFFFFFFFFFFFFFFFFFFFFFFFFFFFFFFFFFFFFFFFFFFFFFFFFFFFFFFFFFFF:FFFFFF,::,FFFF,:FF"	"ATACTAAGCGCTACTAGAAACATGATAGAGGTGACATTTTCAAAGCAGTGTATCCATTTTCTTCTCTCTGACCTTCGGCCCCCTACATCGACCATTCTGCAAGGTTAACAATACTCATATTAATAACATATAAAGTAAAACTAAA"	"FFFF:FFFFFFF:FFFFFFFFFFFFFFFFFFFFFFFFFFFFFFFFFFFFFFFFFFFFFFFFFFFFFFFFFFFFFFFFFFFFFFFFFFFFFFFF,FFFFFFFFFFFFFFFF:FFFFFFFFFFFFFFFFFF:FFFFFF:FFFFF:FF"	"A00121:799:HWLVMDRX2:1:2232:21766:26819 1:N:0:TATCTTCAGC+CGAATATTGG AGCAT"	"A00121:799:HWLVMDRX2:1:2232:21766:26819 2:N:0:TATCTTCAGC+CGAATATTGG AACAC"
"AGCATAGCAT"	"AGCATAGCAT"	"1"	"CTGACGGCCCCAGGCATCGCGCACGTCCAGCCGCGCCCCGGCCCGGTGCAGCACCACCAGCGTGTCCAGGAAGCCCTCCCGGGCAGCGTCGTGCACGGGTCGGAGATGCTAGATCGGAAGAGCACACGTCTGAACTCCAGTCACT"	"FFFFFFFFFFFFFFFFFFFFFFFFFFFFFFFFFFFFFFFFFFFFFFFFFF:FFFFFFFFFFFFFFFFFFFFFFFFFFFFFFFFFFFFFFFFFFFFFFFFFFFFFFFFFFFFFFFFFFFFFFFFFFFFFFFFFFFFFFFFFFFFFF"	"CTCCGACCCGTGCACGACGCTGCCCGGGAGGGCTTCCTGGACACGCTGGTGGTGCTGCACCGGGCCGGGGCGCGGCTGGACGTGCGCGATGCCTGGGGCCGTCAGATGCTAGATCGGAAGAGCGTCGTGTAGGGAAAGAGTGTCG"	"FFFFFFFFFFFFFFFFFFFF:FFFFFFFFFFFFFFFFF:FFFFFFFFFFFFFFFF,FFF:FFFFFFFFFFFFFFFFFFFFFFFFFFFFFFFFFFFFFFFFFFFFFFFFFFFFFFFFFFFFFFFFFFFFFFFFFFFF:FFFFFFFF"	"A00121:799:HWLVMDRX2:1:2147:1805:1141 1:N:0:TATCTTCAGC+CGAATATTGG AGCAT"	"A00121:799:HWLVMDRX2:1:2147:1805:1141 2:N:0:TATCTTCAGC+CGAATATTGG AGCAT"
"AGCATCGAAT"	"AGCATCGAAT"	"1"	"CTTGAGAGCTCTCTCCTACCTTCATAACCAAGGAGTGATTCACAGGGACATAAAAAGTGACTCCATCCTCCTGACAAGCGATGGCCGGGTAAGATGTTCGTGTTTGGCCCGTTCGTAGTTTTTCTTGTCACTCTGTCTGTCATGG"	"FFFFFFFFFFFFFFFFFFFFFFFFFFFFFFFFFFFFFFFFFFFFFFFFFFFFFFFFFFFFFFFFFFFFFFFFFFFFFFFFFFFFFFFFFFFFFFFFFFF:FFFFFFFFFFFFFFFFFFFFFFFFFFFFFFFFFFFFFFFFFFFFF"	"CTAAAAAGTGTTTCTAAAAGAGTTATGCCCATGACAGACAGAGTGACAAGAAAAACTACGAACGGGCCAAACACGAACATCTTACCCGGCCATCGCTTGTCAGGAGGATGGAGTCACTTTTTATGTCCCTGTGAATCACTCCTTG"	"FFFFFFFFFFFFFFFFFFFFFFFFFFFFFFFFFFFFFFFFFFFFFFFFFFFFFFFFFFFFFFFFFFFFFFFFF:FFFFFFFFFFFFFFFFFF:FFF:,FFFFFFFFFFFFFFFFFFFF:FFFF:FFFFF:FFFFFFFFFFFF:,F"	"A00121:799:HWLVMDRX2:1:2259:3206:32597 1:N:0:TATCTTCAGC+CGAATATTGG AGCAT"	"A00121:799:HWLVMDRX2:1:2259:3206:32597 2:N:0:TATCTTCAGC+CGAATATTGG CGAAT"
"AGCATTCCTA"	"AGCATTCCTA"	"1"	"CTTGAAAATTTTGCCCATCCACCAAACATCTCTCCTTCTGCCTGTGCGCTGGCGCCTCCTCCTCCTATTTCTCCTCCTTCTCCTCCTCCTGCTCCTGCTCCTCTTGCTCCTCCTCCTGCCATTTCTCCTTTTTCTCTTTTTTGTC"	"FFFFFFFFFF:FFFFF,:FFFFFFF:F::,FFF:FF,,FF:,:F:,,:,:,,,,,F,,,::FF:FFF,FFFF,:F:FFFF:FFF::FFFF:FF::FF:FF:F:FFF,FFFFFF,FFFF,:FFFFFFF:FF:F:,F,FFFFFFFF,"	"TAGAGGAAGAGGGATAGAAGGAGGAGAGGGAGGAGGACAAAAAAGAGAAAAAGGAGAAATGTCAGGAGGAGGAGCAAGAGGAGCAGGAGCAGGAGGAGGAGAAGGAGGAGAAATAGGAGGAGGAGGGGGAAGGGGACAGGCAGAA"	"FF:FF,F,FF,FF:FFFFFFFFFFFFF:FFF,FFFFFFFFFF,:F:FFFFF:FFFFFFFFFFFFF:FF,FFFFFF,FFFFFFFFFFFFFFFF:F:FFFFF:FFFFFF,FFFFFFFFFFFFFF:FFFFFFFFFF:FFFFFF::F:F"	"A00121:799:HWLVMDRX2:1:2115:19280:14340 1:N:0:TATCTTCAGC+CGAATATTGG AGCAT"	"A00121:799:HWLVMDRX2:1:2115:19280:14340 2:N:0:TATCTTCAGC+CGAATATTGG TCCTA"
"AGTACAATGC"	"AGTACAATGC"	"1"	"ATGGTTTCTATTTCTAAAACACAGAGTGATGCCTTTTGTTACTACATTGTACTTTCAGGTGACAAGAAAAAGTCACATTTCTTCAATCACTCACCATTGTCTGTTATTGTCTCTTGCAGTGTATCCAAGGATGTCACTTTTGGAA"	"FFFFFFFF:FFFFF:FFFFFFFFFFFFFFFFFF:FFFFFFFFFF:FFFFFFF:FFFFFF:FFFFFFFFFFFFFFFFFFFFFFFFFF:FFF:FFFFFFFFFFFFFFFFFF,FFFFFFFFFFFFFFF,FF,FFFFFFFFFFF:FFFF"	"CTCTTACACACTTTAAAGCACAGTTTTTCTGATCTACAGAGTTCCAAAAGTGACATCCTTGGATACACTGCAAGAGACAATAACAGACAATGGTGAGTGATTGAAGAAATGTGACTTTTTCTTGTCACCTGAAAGTACAATGTAG"	"F:FFFF:FFFFFF:FFFFFF:FF:FF,FFFFF,FFFFF,FFFFF:FFFFF:FFFFFFFFFFFFFFFF:FFFFFFFFFFFFFFFFFFFFFFFFFF:FFFFFF,FFF,:FFFFFFFFFFFF:FFFFFFFF,FFFFFFFFFFF:FFFF"	"A00121:799:HWLVMDRX2:1:2160:29993:12164 1:N:0:TATCTTCAGC+CGAATATTGG AGTAC"	"A00121:799:HWLVMDRX2:1:2160:29993:12164 2:N:0:TATCTTCAGC+CGAATATTGG AATGC"
"AGTACAGTAC"	"AGTACAGTAC"	"1"	"ATTTTATATTCCTTATGTTTTTAACAGCAGGAAAAACCCTTGTTAGCTTAACTGTGGATGGAGATCTTATATACTGGATCATCACAGCAAAGGACAGCACACAGATTTATCAGGCAAAGAAAGGAAATGGGGCCATCGTTTCCCA"	"FFFFF:FFFFFFFFFFFFFFFFFFFFFFFFFFFFFFFFFFFFFFFFFFFFFFFFFFFFFFFFFFFFFFFFFFF,FFFFFF:FFFF,FFFFFFFFFFFFFFFFFFFFFFFFFFFFFF:,FFFFFFFFFFFFFFFFFFFFFFFFFF:"	"ATAGCCAAGATATGCCTACTCCTTAGGGCCTTCACCTGGGAAACGATGGCCCCATTTCCTTTCTTTGCCTGATAAATCTGTGTGCTGTCCTTTGCTGTGATGATCCAGTATATAAGATCTCCATCCACAGTTAAGCTAACAAGGG"	"FFFFFFFFFFFFFFFFFFFFFFFFFFFFFFFFFFFFFFFFFFFFFFFFFFFFFFFFFFFFFFFFFFFFFFFFFFF:FFFFFFFFFFFFF:FFFFFFFFF:FF:FFFFFFFFFFFF:FFFFFF,FF,FFFFFFFF:FFFFFFFFFF"	"A00121:799:HWLVMDRX2:1:2106:24126:20603 1:N:0:TATCTTCAGC+CGAATATTGG AGTAC"	"A00121:799:HWLVMDRX2:1:2106:24126:20603 2:N:0:TATCTTCAGC+CGAATATTGG AGTAC"
"AGTACATCTC"	"AGTACATCTC"	"1"	"ATGCTATATTGAAGAACTTGCTAGATAATCATACTGAAGGCAGCTCTGAACATCTAGAGCAAGCTAGCATTGAAACAATGAGGAGATAGATCGGAAGAGCACACGTCTGAACTCCAGTCACTATCTTCAGCATCTCGTATGCCGT"	"FFFFFFFFFFFFFFFFFFFFFFFFFFFFFFFFFFFFFFFFFFFFFFFFFFFFFFFFFFFFFFFFFFFFFFFFFFFFFFFFFFFFFFFFFFFFFFFFFFFFFFFFFFFFFFFFFFFFFFFFFFFFFFFFFFFFFFFFFF:F,:FF,"	"CTCATTGTTTCAATGCTAGCTTGCTCTAGATGTTCAGAGCTGCCTTCAGTATGATTATCTAGCAAGTTCTTCAATATAGCATGTACTAGATCGGAAGAGCGTCGTGTAGGGAAAGAGTGTCGAATATTGGGTGTAGATCTCGGTG"	"FFFFFFFFFFFFFFFFFFFFFFFFFFFFFFFFFFFFFFFFFFFFFFFFFFFFFFFFFFFFFFFFFFFFFFFFFFFFFFFFFFFFFFFFFFFFFFFFFFFFFFFFFFFFFFFFFFFFFFFFFFFFFFFFFFFFFFFFFFFFFFFFF"	"A00121:799:HWLVMDRX2:1:2152:21386:24940 1:N:0:TATCTTCAGC+CGAATATTGG AGTAC"	"A00121:799:HWLVMDRX2:1:2152:21386:24940 2:N:0:TATCTTCAGC+CGAATATTGG ATCTC"
"AGTACCGGTT"	"AGTACCGGTT"	"1"	"ATTCCACCTCGAAAGCTGGGCATTAACGATATTGAAGGACAGCGGGTACTTCAGATTGCAGTGATTTTGAGAAATCTTTCCTTTGAGGAGGGCAATGTTAAGCTCTTGGCAGCTAATCGTACCTGTCTTCGTTTCCTATTACTTT"	"FFFFFFFFFFFFFFFFFFFFF:FFFFF:FFFFFFFFFFFFFFFFFFF:FFFFFFFFFFFFFFFFFFF:F:FFFFFFFFFF:,F:FFFF:FFFF,F:FFFFFFFFFFFFFFFFFF::FFFFFFFFFFFF,FFFF:FF,FFFFFFFF"	"GTCTTAAAGAAATAAAATGACTATGTGCAGAAAGTAATAGGAAACGAAGACAGGTACGATTAGCTGCCAAGAGCTTAACATTGCCCTCCTCAAAGGAAAGATTTCTCAAAATCACTGCAATCTGAAGTACCCGCTGTCCTTCAAT"	"FFFFFFFFFFFFFFFFFFFFFFFFF:FFFFFFFFFFFFFFFFFFFFFFFFFFFFFFFFFFFFFFFFFFFFFFFFFFFFFFFFFFFFFFFFFFFFFFFFFFFFFFFFFFFFFFFFFFFFFFFFFFFFFFFFFFFFFFFFFFFFFFF"	"A00121:799:HWLVMDRX2:1:2141:14823:36526 1:N:0:TATCTTCAGC+CGAATATTGG AGTAC"	"A00121:799:HWLVMDRX2:1:2141:14823:36526 2:N:0:TATCTTCAGC+CGAATATTGG CGGTT"
"AGTACTGTGC"	"AGTACTGTGC"	"1"	"ATTCCTAAACTCTTTCTCCTGTTTTCGATTAGCATCTGTGGGTCTTGCAGATATGATGTCTCCTGGTGAATCCAAACTGCCCCTGCCTCTCAAAGCAGACGGCAAAGAAGAAGGCACTCCACAGCCCGAGAGCAAGTCAAAGGTA"	"FFFFFFFFFFFFFFFFFFFFFFFFFFFFFFFFFFFFFFFFFFFFFFFFFFFFFFFFFFFFFFFFFFFFFFFFFFFFFFFFFFFFFFFFFFFFFFFFF:FFFFFFFFFFFFFFFFFFFFFFFFFFFFFFFFFFFFFFFFFFFFFFF"	"CTTGCTAGGCAGACCTCACACCGCGTGCAGAGGCGAAGGAAGTACCTTTGACTTGCTCTCGGGCTGTGGAGTGCCTTCTTCTTTGCCGTCTGCTTTGAGAGGCAGGGGCAGTTTGGATTCACCAGGAGACATCATATCTGCAAGA"	"FFFFFFFFFFFFFFFFFFFFFFFFFFFFFFFFFFFFFFFFFFFFF:FFFFFFFFFFFFFFFFFFFFFFFFFFFFFFFFFFFFFFFFFFFFFFFFFFFF:FF:FFFFFFFFFFFFFFFFFFFF:FFFFFFFFFFFFFFFFFFFF,:"	"A00121:799:HWLVMDRX2:1:2114:22146:30639 1:N:0:TATCTTCAGC+CGAATATTGG AGTAC"	"A00121:799:HWLVMDRX2:1:2114:22146:30639 2:N:0:TATCTTCAGC+CGAATATTGG TGTGC"
"ATACGCAGTA"	"ATACGCAGTA"	"1"	"TGACATCTTCTTCAAAAAGAACATTTTCACCTTCGAATTCCAGTAGCATGGGAAAACACAAATGACACATGACATTCTCAGTTGAATGATTCTACCCTTCGTCTCTTATGATCCTCCCTCTCTTGGTTGTGCTGATCCAAGAATT"	"FFFFFFFFFFFFFFFFFFFFFFFFFFF:FFFFFFFFFFFFFFFFFFFFFFFFFFFFFFFFFFFFFFFFFFFFFFFFFFFFFFFFFFF:FFFFFFF:FFFFFFFFFFFFFFFFFFFFFFFFFFFFFFFFFFFFFFFFF:FFFFFFF"	"CTCAGCCCTCAAAACAGTTAGTGAAATTCTTGGATCAGCACAACCAAGAGAGGGAGGATCATAAGAGACGAAGGGTAGAATCATTCAACTGAGAATGTCATGTGTCATTTGTGTTTTCCCATGCTACTGGAATTCGAAGGTGAAA"	"FFFFFFFFFFFFFFFFFFFFFFFFFFFFFFFF:FFFFFFFFFFFFFFFFFFFFFFFFFFFFFFFFFFFFFFFFFFFFFFFF:FFFFFFFFFFFFFFFFFFFFFFFFFFFFFFFFFFFFF,FFFFFFFFF,FFFFFFFFF:FFFFF"	"A00121:799:HWLVMDRX2:1:2208:5249:20603 1:N:0:TATCTTCAGC+CGAATATTGG ATACG"	"A00121:799:HWLVMDRX2:1:2208:5249:20603 2:N:0:TATCTTCAGC+CGAATATTGG CAGTA"
"ATCTCAACAC"	"ATCTCAACAC"	"1"	"CTTAAGGATTTTTCTCAGTACAGTTCAGAATATTAATCAATGCCTTCTACTTACAGGAGGGTCTGCATCTTCAGCATAAACTGTTGTGATAGGTGTACCCTTGACTGTATCCGGAGCCACCATCCCTTTGTATATTCGTTTACTA"	"FFFFFFFFFFF:FFFFFFFFFFFFFFFFFFFFFFFFFFFFFFFFFFFFFFFFFFFFFFFFFFFFFFFFFFFFFFFFFFFFFFFFFFFFFFFFFFFFFFFFFFFFFFFFFFFFFFFFFFFFFFFFFFFFFFFFFFFFFFFFFFFFF"	"ATCTCCTAATTGTGTTTTACAGGATATGAATGATTATCCTCCTGTCTTTAGTAAACGAATATACAAAGGGATGGTGGCTCCGGATACAGTCAAGGGTACACCTATCACAACAGTTTATGCTGAAGATGCAGACCCTCCTGTAAGT"	"FFFFFFFFFFFFFFFFFFFFFFFFFFFFFFFFFFFFFFFFFFFFFFFFFFFFFFFFFFFFFFFF:FFFFFFFFFFFFFFFFFFFFFFFFFFFFFFFFFFFFFFFFFFFFFFFFFFFFFFFFFFFFFFFFFFFFFFFFFFFFFFFF"	"A00121:799:HWLVMDRX2:1:2206:19687:24846 1:N:0:TATCTTCAGC+CGAATATTGG ATCTC"	"A00121:799:HWLVMDRX2:1:2206:19687:24846 2:N:0:TATCTTCAGC+CGAATATTGG AACAC"
"ATCTCAATGC"	"ATCTCAATGC"	"1"	"CTGGGGAAGCTGATTCTTCTTCACCACGAGCATCCAGAGAGAAAGCGAGCACCGCAGACCTATGAGAAAGAGGAGGATGAGGACAAGGGGGTGGCCTGCAGCAAAGATGAGTGGTGGTGGGACTGCCTCGAGGTCTTGAGGGATA"	"FFFFFFFFFFFFFFFFFFFFFFFFFFFFFFFFFFFFFFFFFFFFFFFFFFFFFFFFFFFFFFFFFFF::FFFFFFFFFFFFFFFFFFFFFFFFFFFFFFFFFFFFFFFFFFFFFFFFFFFF,FFFFFFFFFFF,FFFFFFFFFF:"	"CTTAGCTGCCCGGAAATGTTGGCCAACGTGACCAACGTGTTATCCCTCAAGACCTCGAGGCAGTCCCACCACCACTCATCTTTGCTGCAGGCCACCCCCTTGTCCTCATCCTCCTCTTTCTCATAGGTCTGCGGTGCTCGCTTTC"	"FFFFFFFFFFFFFFFFFFFFFFFFFFFFFFFFFFFFFFFFFFFFFFFF:FFFFFFFFFFFFFFFFFFF:FFFF:FFFFFF:FFFFFFFFFFFFFFFFFF:FFFFFFFFFFFFFFFFFFFFFFFF:FFFFFFFFFFFFFFFFFFFF"	"A00121:799:HWLVMDRX2:1:2213:12970:10864 1:N:0:TATCTTCAGC+CGAATATTGG ATCTC"	"A00121:799:HWLVMDRX2:1:2213:12970:10864 2:N:0:TATCTTCAGC+CGAATATTGG AATGC"
"ATCTCTGTCG"	"ATCTCTGTCG"	"1"	"CTAGACATGAACTGGAGACGAACCTCTTTCCTGTGGCATTGGTGACTGGCTCAAGGCGGGATGGGAACTGGATTCTGACTGGCTCCCGGGTGGCTGCGGAGGCATCTGACTACCTGTAAAACACAGGAGGGAAAGTGGAGATGGG"	":FF:FFFFFFFFFFFFFFFFFFFFFFFFFF:FFFFFFFF:FFFFFFFFFFFFFFFFFFFFFFFFFFFFF:FFFFFFFFFFFFFFF:FFFFFFFFFFFFFFFFFFFFFFFFFFFFFFFFFFFFFFFFFFFFFFFFFFFFFFFFFFF"	"TGCATGACTGCATTATTAATGCAAAGGGTTCCCCCATCTCCACTTTCCCTCCTGTGTTTTACAGGTAGTCAGATGCCTCCGCAGCCACCCGGGAGCCAGTCAGAATCCAGTTCCCATCCCGCCTTGAGCCAGTCACCAATGCCAC"	"FFFFFFFFFFFFFFFFFFFFFFFFFFFFFFFFFFFFFFFFFFFFFFFF:FFFFFFFFFFFFFFFFFFFFFFFFFFFFFFFFFFF:FFFFFFFFFFFFFFFFFFFFFFFF:FFFFFFFFFFFFFFFFFFFFFFFFFFFFFFFFFFF"	"A00121:799:HWLVMDRX2:1:2146:31647:16219 1:N:0:TATCTTCAGC+CGAATATTGG ATCTC"	"A00121:799:HWLVMDRX2:1:2146:31647:16219 2:N:0:TATCTTCAGC+CGAATATTGG TGTCG"
"CACTGGCCAT"	"CACTGGCCAT"	"1"	"TCCTTGGCGTGCGCTCCGGCGATGTTGCCCCGGGCCTGGGGTTTTATTAGACAGTTAGCTGGGGTTGCGTCCAGGCTTCTGACCCACCAGGCGGGGTTTCCCACCCTCTTTCCCTCTCACCCTCCCGCTGGGGGGTGTCCTGCCC"	"FFFFFFFFFFFFFFFFFFFFFF:FFFFFFFFFFFFFFFFFF:FFFFFFFFFFFFFFFFFFFFFFFFFFFFFFFFFFFFFFFFFFFFFFFFFFFFFFFFFFFFFFFFFFF:FFFFFFFFFFFFFFFFFFFFFFFFFFFFFFFFFFF"	"TGCCTGCACCCTCCCGGTCCCAGAACCCGCTGGCATCACTCACTGTGAGCATCTTCAGGTCCGCCCGCTCCGCTGGGTTCTTGATGAGGCTGGGGGTTCCAAGAGGCAGGACCGGGAGGCGGTGGAGGAGACAAGACAGGGCAGT"	"FFFFF:FFFFF:FFFFFFFFFFFFFFFFFFFFFFFFFFFFFFFFFFFFFFF:FFFFFFFFF:FFFFFFFFFFFFFFFF:FF,FF:FFFFFFFFFFFFF:,:FFFFFFFFFFFFFFFFFFFFFFFFFFFFFFFFFFFF:FFFFFFF"	"A00121:799:HWLVMDRX2:1:2204:26078:31438 1:N:0:TATCTTCAGC+CGAATATTGG CACTG"	"A00121:799:HWLVMDRX2:1:2204:26078:31438 2:N:0:TATCTTCAGC+CGAATATTGG GCCAT"
"CAGACCATGA"	"CAGACCATGA|AACACAAGGA"	"1|1"	"GTTGATCTCCAGATGAATTAGCTTTCTGGCCACGACCAGGCCAGAAGGCTTGTGGGAGGCTTTGGACACCACACCGCCATTGCCAGCCCCCGGCTCACTGATCTTCTCAAAGTCGTCATCCTTTAGTTCTCCCACCTTCTATCTC"	"FFFFFFFFFFFFFFFFFFFFFFFFFFFFFFFFFFFFFFFFFFFFFFFFFFFFFFFFFFFFFFFFFFFFFFFFFFFFFFFFFFFFFFFFFFFFFFFFFFFFFFFFFFFFFFFFFFFFFFFFFFFFFFFFFFFFFFFFFFFFFFFFF"	"TTGAGGCCTTTCTTACCCAGAGATAGAAGGTGGGAGAACTAAAGGATGACGACTTTGAGAAGATCAGTGAGCTGGGGGCTGGCAATGGCGGTGTGGTGTCCAAAGCCTCCCACAAGCCTTCTGGCCTGGTCGTGGCCAGAAAGCG"	"FFFFFFFFFFFFFFFFFFFFFFFFFFFFFFFFFFFFFFFFFFFFFFFFFFFFFFFFFFFFFFFFFFFFFFFFFFFFFFFFFFFFFFFFFFFFFFFFFFFFFFFFFFFFFFFFFFFFFFFFFFFFFFFFFFFFFFFFFFFFFFFFF"	"A00121:799:HWLVMDRX2:1:2234:21278:2801 1:N:0:TATCTTCAGC+CGAATATTGG CAGAC"	"A00121:799:HWLVMDRX2:1:2234:21278:2801 2:N:0:TATCTTCAGC+CGAATATTGG CATGA"
"CAGTACGATA"	"CAGTACGATA|AATGCAGTAC"	"1|1"	"CTAAGCCAGAGTCAAAATAAAAATTCAGAACTCTTTTATGTGTCCTAATGATAAATTTGCCAGATCTCAGTTCAAAGCTTACCTTTTACACAACATACCATGTGATCTTAATCAGTAATGTTGCAACTAGTAGTTAATATTTATT"	"FFFFFFFFFFFFFFFFFFFFFFFFFFFFFFFFF@9FFFFFFFFFFFFFFFF9FFFFFFFFFFFFFFFFFFF@FFFF9FFFFFF@FFFFFFF@FF9FF:FFFFFF@FFFFF9FFFF3FFFFFF9FFF:FFFFFFFFFF9FFFFFFF"	"AGTATATGATCCAGACTATAAAGCAAATAATAAATAAAAACTCCAGCATACTTGATAACGATTTCAGGGAACATCCTATAAAAGACAAACACTTAGCTTAGAAATGGAAACTTACATTATAAGAATCCTTTAACACATAGGAACA"	"FFFFFFFFFFFFFFFFFFFFFFFFFFFFFF@FFFF9FFFFFFF@FFF@FFFFFFFFFFFFFFFFFFFFFFFF9FFF9F9FFFFFFF@@FFFFFF@FF9@FF9FFFF9FFFFFFFF@FFF9FFFF9FFFF@9F@FFFFF9FFFFFF"	"A00121:799:HWLVMDRX2:1:2262:17327:21198 1:N:0:TATCTTCAGC+CGAATATTGG CAGTA"	"A00121:799:HWLVMDRX2:1:2262:17327:21198 2:N:0:TATCTTCAGC+CGAATATTGG CGATA"
"CAGTACGTGT"	"CAGTACGTGT"	"1"	"CTCCCAGCTTTGGAAGCCCCAGCTTGGTAGAAAATACTTAACGTTTTCAAAGCCTTGATCTCTTCTTTTTCAGGTACCTGATGCCTAAAAGAAAAAGAACAGAGTAACTCTGAGGCTTTATGTTGTCTACTGAGTATGTAAAATA"	"FFFFFFFFFFFFFFFFFFFFFFFFFFFFFFFFFFFF:FFF,FFFFFFFFFFFFFFFFFFFFFFFFFFFFFFFFFFFFFFFFFFFFFFFFFFFFF::FFFFF:FF:F,FFFFFF:FFFFFFFFFFFFFFF:FFFFFFFFFFFFF:F"	"TTCCAATTATAGACTATTTTACATACTCAGTAGACAACATAAAGCCTCAGAGGTACTCTGTTCTTTTTCTTTTAGGCATCAGGTACCTGAAAAAGAAGAGATCAAGGCTTTGAAAACGTTAAGTATTTTCTACCAAGCTGGGGCT"	"FFFFFFFFFFFFFFFFFFFFFFFFFFFFFFFFFFFFFFFFFFFF:FFFFFFFFFFFFFFFFFFFFFFFFFFFFF:F:FFFFFFFFF:FFFFFFFFFFFFFFFFFF,FFFFFFFFFFFF:FFFFFFFFFFFFF,FFF:FF:FFFFF"	"A00121:799:HWLVMDRX2:1:2204:31412:1595 1:N:0:TATCTTCAGC+CGAATATTGG CAGTA"	"A00121:799:HWLVMDRX2:1:2204:31412:1595 2:N:0:TATCTTCAGC+CGAATATTGG CGTGT"
"CATGAACAAC"	"CATGAACAAC"	"1"	"TGGCAGAGCCAGGGTCCCCCAGTGCTCCCTGACAGCACACAGACGTGGGTTGCAAGAAGGCGACTTTCACACAGGCTTAGCTTTTCCTTTGTGAGAAAAAAAATGAGTCCACACATTCAAAGAAAGCCACTGTAAGAACTTATCC"	"FFFFFF:FFFFFFFFFFFFFFFFFFFFFFFFFFF,FFFFFFF:FFFFFFFFFFFFFFFFFFFFFFFFF:F:FFFFFFFFFFFFFFF:FFFFFF:FFFFFFFFFFFFFFFFFF:FFFFFFFFFFFFFFF:FFFFFFF:F:FFFFF:"	"TCCTCACCTTCATGGAAGAGAGAGGCTCTCCTGTCTCAAGTCTGCCTGCCGTGGGCAAGAAGCCCCTGGACCTGTTCCGACTCTACGTCTGCGTCAAAGAGATCGGGGGTTTGGCCCAGGTAAGAATGAGTGAGGGAGGGGGTGA"	"FFFFF,,FFFFFFFFFFF,:,FFFFFFFFF:FFFF:FFFFFFFFFFF:FF:FF:FFFFFFF,:F:FFFFFFFFFFFFFF,FFFFFFFFFFF:FFFFF:FF:FFFF,FFFFFFFFFF,FFFFFFF,FFF,FFFFFFF:FFFFFFFF"	"A00121:799:HWLVMDRX2:1:2165:23990:11913 1:N:0:TATCTTCAGC+CGAATATTGG CATGA"	"A00121:799:HWLVMDRX2:1:2165:23990:11913 2:N:0:TATCTTCAGC+CGAATATTGG ACAAC"
"CGAATAAGGA"	"CGAATAAGGA"	"1"	"CTAGCAACAGGGCATCACCTCTCTACAGTTCCAGTCCCTGAAGGAAATCAGCGCAGGAAACATCTATATTACTGACAACAGCAACCTGTGTTATTATCATACCATTAACTGGACAACACTCTTCAGCACAATCAACCAGAGAATA"	"FFFFFFFFFFFFFFFFFFFFFFFFFFFFFFFFFFFFFFFFFFFFFFFFFFFFFFFFFFFFFFFF:FFFFFFFFFFFFFFFFFFFFFFFFFFF,FFF:FFFFFFFFFFFFFFFFFFFFFFFFF,FFFFFFFFFFFFFFFFFFFFFF"	"TCCCGGATTACTATTCTCTGGTTGATTGTGCTGAAGAGTGTTGTCCAGTTAATGGTATGATAATAACACAGGTTGCTGTTGTCAGTAATATAGATGTTTCCTGCGCTGATTTCCTTCAGGGACTGGAACTGTAGAGAGGTGATGC"	"FFFFFFFFFFFFFFFFFF,FFFFFFFFFFFFFFFFFFFFFFFFFFFFFFFFFFFFFFFFFFFFFFFFFFFFFFFFFFFFFFFFFFFFFFFFFF:FFFFFFFFFFFFFFFFFFFF:FFFFFFFFFFFF:FFFFFFFFFFFFFF:FF"	"A00121:799:HWLVMDRX2:1:2244:1850:7357 1:N:0:TATCTTCAGC+CGAATATTGG CGAAT"	"A00121:799:HWLVMDRX2:1:2244:1850:7357 2:N:0:TATCTTCAGC+CGAATATTGG AAGGA"
"CGATAATCTC"	"CGATAATCTC"	"1"	"TCCCACAGGTCTCTGCTAGGGGGCTGGGGTTGGGGTCGGGGTGGTGGGCCTGCCCTTCCAATGGATCCACTCACAGTTTCCATAGGTCTGAAAATGTTTCCTGACTCAGAGGGGGCTCGACGCTAGGATCTGACTGCGGCTCCTC"	"FFFFFFFFFFFFFFFFFFFFFFFFFFFFFFFFFFFFFFFFFFFFFFFFFFFFFFFFFFFFFFFFFFFFFFFFFFFFFFFFFFFFFFFFFFFFFFFFFFFFFFFFFFFFFFFFFFFFFFFFFFFFFFFFFFFFFFFFFFFFFFFFF"	"CTGCCTTCCGGGTCACTGCCATGGAGGAGCCGCAGTCAGATCCTAGCGTCGAGCCCCCTCTGAGTCAGGAAACATTTTCAGACCTATGGAAACTGTGAGTGGATCCATTGGAAGGGCAGGCCCACCACCCCGACCCCAACCCCCG"	"FFFFFFFFFFFFFFFFFFFFFFFFFFFFFFFFFFFFFFFFFFFFFFFFFFFFFFFFFFFFFFFF:FFFFFFFFFFFFFFFFFFFFFFFFFFFFFFFFFFFFFFFFFFFFFFFFFFFFFFFFFF:FF,FFFF,,,FFF,:,FFF:,"	"A00121:799:HWLVMDRX2:1:2262:5475:23657 1:N:0:TATCTTCAGC+CGAATATTGG CGATA"	"A00121:799:HWLVMDRX2:1:2262:5475:23657 2:N:0:TATCTTCAGC+CGAATATTGG ATCTC"
"CGATATCGTG"	"CGATATCGTG"	"1"	"TTCATAAGATCCACATCTGCAGGCTGACTGCCCCTTGAGAATGGCTTACTTGGATTAAAAAGCAGGTTCTATAAAAACCCCAACAGAAAACAAAAGCCTTTAAATACCCATGCAGTATTTCTTTACTAATATGTAATAACATCAA"	"FFFFFFFFFFFFFFFFFFFFFFFFFFFFFFFFFFFFFFFFFFFFF:FFFFFFFFFFFFFFFFFFFFFFFFFF,FFFFFFFFFFFFFFFFFFFFFFFFFFFFFFFFFFFFFFFFFFFFFFFFFFFFFFFFFFFFFFFFF:FFFF:F"	"TACTGCCATCTATGTGGATAATGTGTTGATGTTATTACATATTAGTAAAGAAATACTGCATGGGTATTTAAAGGCTTTTGTTTTCTGTTGGGGTTTTTATAGAACCTGCTTTTTAATCCAAGTAAGCCATTCTCAAGGGGCAGTC"	"FFFFFFFFFFF,FFFFF:F:::F,F:FFF:FFFFFFFF,F:FFFFFFFF:FF,FFF:FFF:FFFF,FFFFFFF:F,::FFFF:FFFF,FFFFFF:FFFFFFFFFFFFFFFF:FFFFFFFFFFFFFFFFFFFFFFFFFFFFFFFFF"	"A00121:799:HWLVMDRX2:1:2173:22390:11772 1:N:0:TATCTTCAGC+CGAATATTGG CGATA"	"A00121:799:HWLVMDRX2:1:2173:22390:11772 2:N:0:TATCTTCAGC+CGAATATTGG TCGTG"
"CGGTTGCTGT"	"CGGTTGCTGT|CATGATGTGC"	"1|1"	"GTGTCATGATTCATCTTACTAGCCTCAAACATATCTTCTTTGCCAGGACTCGCCTCTGCACAAAGCCCTCTTTTGGGTAGCTGTGGCTGTGCTGCAGCTTGATGAGGTCAACTTGTATTCAGCAGGTACTGCACTTCTTGAACAA"	"FFFFFFFFFFFFFFFFFFFFFFFFFFFF@FFFFFFFFFFFFFFF@FFFFFFFFFFF@FFFFFFFFFFFFFF9FFFFFFFFFFFFFFFFFFFFFFFFFFFFFFFFFF@FF@FFFFFFFF@FFFFFFFFFFFFFFF:FFFFFFFFFF"	"TAAGTATGCAGGTTTTGTTCAAGAAGTGCGGTACCTGCTGAATACAAGTTGACCTCATCAAGCTGCAGCACAGCCACAGCTACCCAAAAGAGGGCTTGGTGCAGAGGCGAGTCCTGTCAAAGAAGATATGATTGGGGCTAGTAAG"	"FFFFFFFFFFFFFFFFFFFFFF:FFFFFFFFFFFFFF@FFFFFFFFFFFFFFFFFFFFFFFFFFFFFFFFFFFFFFFFFFFFFFFFFFFFFFFFF9FFFFFFFFFFF@FFFFFFFFFFF9FFFFFFFFFFFFFFFFFFFFFFFFF"	"A00121:799:HWLVMDRX2:1:2117:27335:21590 1:N:0:TATCTTCAGC+CGAATATTGG CGGTT"	"A00121:799:HWLVMDRX2:1:2117:27335:21590 2:N:0:TATCTTCAGC+CGAATATTGG GCTGT"
"CGTGTATACG"	"CGTGTATACG|CACTGAATGC|AGCATCACTG|ACTAGACAAC"	"1|1|1|1"	"TTCCATCCTCCCTTTGTAACCCCACACGCATGGAGAGGGTGGACCATGTTCCCCTCATGGCGAGAGCTGTGACCATAATCTATGTTTTTGATGGCCGGTCGCCTCAGCTTCAAAGCCATTGATTAATATTCTTTTTTAAGTTAAT"	"FFFF@FFFFFFFFFFFFFFFFFFFFFFFFFF@FFFFFFFFFFFFFFFFFFFFFFFFFFFFFFFFFFFFFFFFFFFFFF@FF@FFFBFFFFFFFFFFFFFFFFFFFFFFFFFFFFFFBFFF=FBFFFFFFFFF@@FFFFFFFFFFF"	"TTAGAATACCGCAGTGTATAAAGCTTTGCTTTCAAAAGAAAGGTGTTCATGGACCCTGAGCTTGAACCCTTCGGCTAACGACACCACTCACTGTGTTCACAGCCCCCTAGAGTTTGTGAGTTTGGCTAACAATCACAAGACGTGA"	"FF=FFFFFFFFFFFFFBFF9F=FFFFFFFFFF=FF@FFFFFFF@FFFF9FFFFFFFFFFFFFFFFFFFFFFFFFFFFFFFFFBFFFFFFFFFF9FFFFFFFFFFFFFFBFFFFFFF@FFFF@FFFFF9FF@FFFFF@FFFFFFBF"	"A00121:799:HWLVMDRX2:1:2225:20835:36417 1:N:0:TATCTTCAGC+CGAATATTGG CGTGT"	"A00121:799:HWLVMDRX2:1:2225:20835:36417 2:N:0:TATCTTCAGC+CGAATATTGG ATACG"
"CGTGTCAGAC"	"CGTGTCAGAC"	"1"	"TAAAAATCTTCCAAGCAGTTTATAATCTAGCATTGCCAAAATCATATTAAAATGTCATGTTTTGATAACCTGACAGACAATAAAAGGCAGCTTGGACACGGCTTTACCTCCAATGGTGCAGGCTCCAAGTAGATTCACAATATTC"	"FFFFFFFFFFFFFFFFFF:FFF:FFFFFFFFFFFFFFFFFFFFFFFFF:FFFFFFFFFF,FFFFFFFFFF:FFFFFFF,F:FFFFFFFFFF:F:FFFFFFFF,FFFFFFFF,F:FFFFFFFFFFFF,FFFFFFFF:FF,F:FFFF"	"GTCTGAGTTACCTTGGTAATCACATGAATATTGTGAATCTACTTGGAGCCTGCACCATTGGAGGTAAAGCCGTGTCCAAGCTGCCGTTTATTGTCTGTCAGGTTATCAAAACATGACATTTTAATATGATTTTGGCACTGCTAGA"	"FFFFF:FFFFFF,F:FFFFFFFFFFFF,FF:FFFFFFFFFFF:F:FFFFFFFF:FF:FFFFFFF,FFFFFFFFFFFFF,FF:FFF,:FFFF,FFFF:FF,FF,FF:FFFFFFF,FFFFFFF:F,FF:FFF:FFFFFF,FFFF,FF"	"A00121:799:HWLVMDRX2:1:2171:12066:11490 1:N:0:TATCTTCAGC+CGAATATTGG CGTGT"	"A00121:799:HWLVMDRX2:1:2171:12066:11490 2:N:0:TATCTTCAGC+CGAATATTGG CAGAC"
"CGTGTCAGTA"	"CGTGTCAGTA"	"1"	"TGCCAGGCTGCTGCTGCTGCTCCTCACTTTCTTCCTCCGCACGGATGCTGAGAGTAAGCCATTCTCCCCTTCTCTAGGGGGCTGTGACCATAATGAGTGGTTTTGTTTGCAGTTGGCACCAGGCTCAGGGCCTCTGAATACATTT"	"FFFFFFFFFFFFFFFFFFFFFFFFFFFFFFFFFFFFFFFFFFFFFFFFFFFFFFFFFFFFFFFFFFFFFFFFFFFFFFFFFFFFFFFFFFFFFFFFFFFFFFFFFFFFFFFFFFFFFFFFFFFFFFFFFFFFFFFFFFFFFFFFF"	"CTCCGCAGTGTCTCAGGATTTACTTCCAAAGGAAATGTATTCAGAGGCCCTGAGCCTGGTGCCAACTGCAAACAAAACCACTCATTATGGTCACAGCCCCCTAGAGAAGGGGAGAATGGCTTACTCTCAGCATCCGTGCGGAGGA"	"FFFFFFFFFFFFFFFFFFFFFFFFFFFFFFFFFFFFFFFFFFFFFFFFFFFFFFFFFFFFFFFFFFFFFFFFFFFFFFFFFFFFFFFFFFFFFFFFFFFFFF:FFFFFFFFFFFFFFFFFFFFFFFFFFFFFFFFFFFFFFFFFF"	"A00121:799:HWLVMDRX2:1:2126:21866:30060 1:N:0:TATCTTCAGC+CGAATATTGG CGTGT"	"A00121:799:HWLVMDRX2:1:2126:21866:30060 2:N:0:TATCTTCAGC+CGAATATTGG CAGTA"
"CGTGTTCCTA"	"CGTGTTCCTA"	"1"	"TGTAGAAAGAATTGTATCAATTCTCAAGGTCCCTTGCTGCTGCTGCTGCTGCTGCTGCTGCTGCTGCTGCTGCTGCTGCTGCTGCTGCTGCTGCTGCTGCTGCTGCTGCTGCTGCTTTTCTTTTTTCTTTTTGTTTGAGACAGGG"	"FFFFFFFF:FFF:FF::FFFFFFFFFFFFFFFF:FFFFFFFFFFFFFFFFFFF:FFFFFFFFFF:FFFFFFFFF:FFFFFFFFFFFFFFFFFFFFFFFFFFFF:FFFFFFFFFFFFFFFF,FFFFF,F,FFF:FFF,F::FFFF,"	"TAGGAATTCAAGAATGCAATGAGCTGTGATAGCACCACTGCACTCCAGCCTGAGCAACAGAACGAGACCCTGTCTCAAACAAAAAGAAAAAAGAAAAGCAGCAGCAGCAGCAGCAGCAGCAGCAGCAGCAGCAGCAGCAGCAGCA"	"FFFFFFFFFFFFFFF:FFFFFFFFF:F,FFFFFFFFFFFFFF,FFFFFFFFFFFFF,FFFFFFFFFFF:FFFFF:FF,FFFFFFF:FFFFFFFFFFFFFFFFFFFFFFF,FFFFFFFFFFFFFFF:FFFFFFFFFFFFF,FFFFF"	"A00121:799:HWLVMDRX2:1:2234:29722:23281 1:N:0:TATCTTCAGC+CGAATATTGG CGTGT"	"A00121:799:HWLVMDRX2:1:2234:29722:23281 2:N:0:TATCTTCAGC+CGAATATTGG TCCTA"
"CTTGGACTAG"	"CTTGGACTAG"	"1"	"ATCATATGGAATGGACAGCCGACCTCCCGTGGCAATTTTTGAGTTGTTGGATTACATAGTCAACGAGCCTCCTCCAAAACTGCCCAGTGGAGTGTTCAGTCTGGAATTTCAAGATTTTGTGACCTAGTAGATCGGAAGAGCACAC"	"FFFFFF:F:FF::FFFFFFFFFFFF:FFFFFFFFFFFFFFFFFFFFFFFFFFFFFF:FFFFFFFFFFFFFFF:FFFFFFFFFFFFFFFFFFFFFFFFFFFFFFFFFF:FFFF:FF:FFFFFFF:FFFFFFFFFFFFFFFFFFFFF"	"GTCACAAAATCTTGAAATTCCAGACTGAACACTCCACTGGGCAGTTTTGGAGGAGGCTCGTTGACTATGTAATCCAACAACTCAAAAATTGCCACGGGAGGTCGGCTGTCCATTCCATATGATCCAAGAGATCGGAAGAGCGTCG"	"FFFFFFF:FFFFFFFFF,FFFFFFFF:FFFFFFFFFFFF:FFFFFFFFFFFFFFFFFFFFFFFF:FFFFFFFFFFFFF:FF,FFFFFFFFFFFFFFFFFFFFFFFFFFFFFFFFFFFFFFFFFFFF:FFFFFFFFF:FFFFFFFF"	"A00121:799:HWLVMDRX2:1:2155:30553:5619 1:N:0:TATCTTCAGC+CGAATATTGG CTTGG"	"A00121:799:HWLVMDRX2:1:2155:30553:5619 2:N:0:TATCTTCAGC+CGAATATTGG ACTAG"
"CTTGGGTGTC"	"CTTGGGTGTC|CGATACGATA"	"2|1"	"ATTCTGTAACGCCCGTGTGGGTTACGGAATTCAGCACCACTGTATCCTTAACAACCTCACTACGAATCGGAGCTTTACTTTGAATGACAGTCACTGGAGCGGATTGTTGCTCGTGGGTTTGAAGCGAGGGACTTTGTCTTCAACC"	"FFFFFF9FFFFFFFFFFFFFFFFFFFFF@FFFFFFFFFFFFFFFFFFFFFFFFFFFFFFFFFFF@FFFFFFFFFFFFFFFFFFFFFFFFFFFFFFFFFFFFFFFFF=9F@FFFFFFFFFFFFFFFFFFFFFFFFFFFFFFFFF@F"	"ATTCACACCTCTGCACCTCCTAGCCACCATCCACAAGACGTCCCAGAGACTGTCAGGCAAAGTAAAGCTCCAATTCCTTGGGTAGTTGGGACGCCCTGAGGTATACAGGGTTGCATACCCCAACCATGAAGTACTGTATGCTAAA"	"FFFFFFFFF@FFFFFFFFFFFFFFFFFFFFFFFFFFF@FFFFFFFFFFFFBFFFFFFF@@FFFFFFFFFFFFFFFFF@FF9FFFFFFFFFFFFF@F9FFFFFFFFFFFFFF@FF@FFFFFFF@FFFFFFFFFFFFFFFFFFFFFF"	"A00121:799:HWLVMDRX2:1:2161:16586:30060 1:N:0:TATCTTCAGC+CGAATATTGG CTTGG"	"A00121:799:HWLVMDRX2:1:2161:16586:30060 2:N:0:TATCTTCAGC+CGAATATTGG GTGTC"
"GCATAAAGGA"	"GCATAAAGGA|AAGGACGGTT"	"1|1"	"GTCACACTCCTGGGCTCAGGTGATCCTCCTGCCTCGGCCTTTCAAAGTCCTGGAATTACAGGCATGAGCCACTGACCCAGCCTATATTTCTGTATACTAGTGACGAACAACTAGAAATTAATATTTTAGAAATAATAATCACAAC"	"FFFFFFFFFFFFFFFFFFFFFFFFFFFFFFFFFFFFFFFFFFFFFFFFFFFFFFFFFFFFFFFFFFFFFFFFFFFFFFFFFFFFFFFFFFFFF9FFFFFFFFFFFFFFFFFFFFFFFFFFFFFFFFFFFFFFFFFFFFFFFFFFF"	"TCAACTCTTAAACACACTTTGTTAAATTTATTTCAAAGCATACTGTATTTTTGATGTTGTGATTATTATTTCTAAAATATTAATTTCTAGTTGTTTGTCACTAGTTTACCAAAATATAGGCTGGATCAGTGGCTCATGCCTGTAA"	"FFFFFFFFFFFFFFFFFFFFFFFFFFFFFFFFFFFFFFFFFFFFFFFFFFFFFFFFFFFFFFFFFFFFFFFFFFFFFFFFFFFFFFFFFFFF9FFFFFFFF9FFFFFFFFFFF:FFFFFFFFFFFFFFF@FFFFF@@FFFFF:@@"	"A00121:799:HWLVMDRX2:1:2101:15148:32863 1:N:0:TATCTTCAGC+CGAATATTGG GCATA"	"A00121:799:HWLVMDRX2:1:2101:15148:32863 2:N:0:TATCTTCAGC+CGAATATTGG AAGGA"
"GCATACGTGT"	"GCATACGTGT"	"1"	"GTTAGCATCTGCCGTCACATTGTTCTGCACACACCGTCCTTGTCACTGCAGAAGACAGAGATAGGACCATGATCAAAGTCTGCCACCAGGAGAAACTCATAAGCTGAGTTCCGGAGTGACAATTTCTCACCCTGTCTTTGACTCA"	"FFFF,FFFFFFF:FFFFFFFFFFFFFFFFFFFFFFFFFFFFFF::FFFFF::FFFFFFFFFFFFFFFFFFF:FFFFFFFFF:FFFFFFFF:,FFFFFFFFFFFF,:FFFFFF:FFFFFFFFF:FFFFFFF:FFFFFFFFF:FFFF"	"TTCATTAAATGTTTGCTGAATTGAGTCAAAGACAGGGTGAGAAATTGTCACTCCGGAACTCAGCTTATGAGTTTCTCCTGGTGGCAGACTTTGATCATGGTCCTATCTCTGTCTTCTGCAGTGACAAGGACGGTGTGTGCAGAAC"	"FFFFFFF:F:FF:FFFFFFFFFFFFFFFF,F:FFFFFFFFFFFFFF:FF:FFFF:FFFFFF,FF:FFFFFFFFFFF:F,FFFFFFFFFFFFFF:FFFFFFFFFFFFFFFFFFFFFFFFF:FFFFFFFFFFFFFF:FFFFFFFFFF"	"A00121:799:HWLVMDRX2:1:2266:31213:36573 1:N:0:TATCTTCAGC+CGAATATTGG GCATA"	"A00121:799:HWLVMDRX2:1:2266:31213:36573 2:N:0:TATCTTCAGC+CGAATATTGG CGTGT"
"GCATAGCTGT"	"GCATAGCTGT"	"1"	"GTCAAGCACCCTCATGCACTTAAATAGAGGCACCAATAATAATAAGAATTTTAAAGGTGAACAACCGAGTACTTTACCTGGCTGAGACAAAAGTGGTGTGTAAGGGACTTTCGGTTCTATTGCACTCATTGGTGGAGGTAGCACA"	"FFFFFFFFFFFFFFFFFFFFFFFF:FFFFFFFFFFFFFFFFFFFFFFFF:FFFFFFFFFFFFFFFFFFFFFFFFFFFFFFFFFFFFFFF:F:FFFFFF:FFFFFFFFFF:FFFFFFFFFFFFF:F,FF,:FFFFFFFFF,FF:,F"	"TTAATCCTTTGCTACCTCCACCAATGAGTGCAATAGAACCGAAAGTCCCTTACACACCACTTTTGTCTCAGCCAGGTAAAGTACTCGGTTGTTCACCTTTAAAATTCTTATTATTATTGGTGCCTCTATTTAAGTGCATGAGGGT"	"FFFFFFFF:FFFFFFFFFFFFFFFFFFFFFFF:FFFFFFFFFFFFFFFFFFFFFFFFFFF:FFFFFFFF:FFFFFFF,FFFFFFFFFFFFFFFFFFFF,FF:FFFFFFFF,FFFFFFFF:FFF:FFFFF:FFFFFFFFFFFFFFF"	"A00121:799:HWLVMDRX2:1:2252:22914:4257 1:N:0:TATCTTCAGC+CGAATATTGG GCATA"	"A00121:799:HWLVMDRX2:1:2252:22914:4257 2:N:0:TATCTTCAGC+CGAATATTGG GCTGT"
"GCATATGTCG"	"GCATATGTCG"	"1"	"GTGCATTCAGCACACAGAAGGATGCTCACCTTTTCCCATTCCCGGTCTTTGTTCAGCACAATCACCACCAGCCTGGGGTGCACCTGGTAGCCTTCCTCAGTGAAGGATAAGTCTTTGCCATCCCATGTAACATTGACCATAAATC"	"FFFFFFFFFFFFFFFFF:FFFFFFFFFFFFFFFFFFFFFFFFFFFFFFFFFFFFFFFFFFFFFFFF,FFFFFFFFFFFFFFFFFFFFFFFFFFFFFFFFFFFFFFFFFFFFFFFFFFFFFFFFFF:FFF:FFFFFFFFF:FFFFF"	"TTCTTCCCCTTTCTAGATTTATGGTCAATGTTACATGGGATGGCAAAGACTTATCCTTCACTGAGGAAGGCTACCAGGTGCACCCCAGGCTGGTGGTGATTGTGCTGAACAAAGACCGGGAATGGGAAAAGGTGAGCATCCTTCT"	"FFFFFFFFFFFF::FFFFFFFFFFFFFFFFFFFFFFFFFF:FFFFFFFFFFFFFFFFFFFFFFFFFFFFFFFFFFFFFFFFFFFFFFFFFFFFFFF:FFFFFFFFFFFFFFFFFFFFFFFF:,FFFFFFFFFFFFFFFFFFF:FF"	"A00121:799:HWLVMDRX2:1:2201:2094:16297 1:N:0:TATCTTCAGC+CGAATATTGG GCATA"	"A00121:799:HWLVMDRX2:1:2201:2094:16297 2:N:0:TATCTTCAGC+CGAATATTGG TGTCG"
"GCCATAGTAC"	"GCCATAGTAC"	"1"	"TGGCCCGCTCCTCTGTGAAGACACGCTCCCGGGACAGGTGGAAGAACAGCTGCAGGAGGAAGGGGTGGGGAGAATGTACTAGATCGGAAGAGCACACGTCTGAACTCCAGTCACTATCTTCAGCATCGCGTATGCCGGCTTCGGC"	"FFFFFFFFFFFFFFFFFFFFFFFFFFFFFFFFFFFFFFFFFF:FFFFFFFFFFFFFFFFFFFFFFFFFFFFFF:FFFFFFFFFFFFFFFFFFFFFFFFFFFFFFFFFFFFFFFFFFFFFFFFFFF:F,FF,,:::F:,F,:F,FF"	"ATTCTCCCCACCCCTTCCTCCTGCAGCTGTTCTTCCACCTGTCCCGGGAGCGTGTCTTCACAGAGGAGCGGGCCAATGGCAGATCGGAAGAGCGTCGTGTAGGGAAAGAGTGGCGAATATTGGGTGTAGATCTCGGTGGTCGCCG"	"FFFFFFFFFFFFFFFFFFFFFFFFFFFFFFFFFFFFFFFFFFFFFFFFFFFFFFFFFFFFFFFFFFFFFFFFFF::FFFFFFFFFFFF,FFFFFFFF,F,:FFF:F:F:F:F,FF:F,F:FFFF,FFFFFFF,FFF,FF:,F,:F"	"A00121:799:HWLVMDRX2:1:2217:23972:36370 1:N:0:TATCTTCAGC+CGAATATTGG GCCAT"	"A00121:799:HWLVMDRX2:1:2217:23972:36370 2:N:0:TATCTTCAGC+CGAATATTGG AGTAC"
"GCTGTGCATA"	"GCTGTGCATA"	"1"	"TCATACCCGGCCGTCGCCGGCAGTCGAGAGTGGACGGGAGCGGCGGGGGCGGCGCGCGCGCGCGCGCGGGGGGGGTGCGTCGGCGGGCGGCGGCGGCGGCGGCGGCGGGGGTGTGGGGGGTGCTGGGGGGGGGGGGCGCCCGCCC"	"FFFFFFFFFFFFFFFF:FFFF,F:FF:FFFFFFFFFFFFFFFFFF::FFFFFFFF:F:FFF,FFF:FF:F,FF,F,FFF,:FF,FFF::F,FFFFF::FFFFFFFFFFFFF:F,,,,FFF,,,,,FF:FF::::,,,,,,,,,::"	"GTTGGGCGGGAGGAGGGGAGGAGGCGTGGGGGGGGGGGGCGGGGGAGGACCCCCCACCCCCCCGCCGCCGCCGCCCCCGCCGCCCACCGACGCACACCCCACCCGCGCGCGCGCGCGCCGCCCCCGCCGCACCCGGCCACTCACG"	"FFFFF,FFFFFFFFFFFFFFFFFFFFFFFFFF:FF:FFFFFF:F:,FF,FFF:,F:F,FFFFF:FF,FF:FF,FF,FFFFF:FFFFFF,:F,F,F,FF:F,F,FFFFFFF:F:F:FF:F,FFFFF,FF:F,FFF,,FF:F:F:FF"	"A00121:799:HWLVMDRX2:1:2271:20392:11130 1:N:0:TATCTTCAGC+CGAATATTGG GCTGT"	"A00121:799:HWLVMDRX2:1:2271:20392:11130 2:N:0:TATCTTCAGC+CGAATATTGG GCATA"
"GCTGTGCTGT"	"GCTGTGCTGT"	"1"	"TGGCTGCCCTTCCTTTTGCCAGCACTGTGGGTGGCCCGTTTCCTATGGAACAAAGTTAGAAGGCACATGTGAGAACCTCTATTCAATGGCACTTCCTTTCTTTCATCAGTCAAGTCACGTTAGAAGCAGGAAAGGAAACAAAAGG"	"FFFFFFFFFFFFFFF,FFFF,FFFFFFFFFFFFFFFFFF,,F:,FFFFF,FF,FFFF:::FFFFF,::FFFFF:FFF:F:F,:F:F,FFFFFF:FFFFFFF:FFF:FFFFFFF,FFF,F:,FFFFFFFF:F::FFF:::F:F:FF"	"TTCTGCGAGTCCTTTTGTTTCCTTTCCTGCTTCTAACTTGAATTGACTGATGAAAGAAAGGAAGTGCCATTGAATAGAGGTTCTCACATTTGCCTTCTAACTTTGTTCCATAGGAAACGGGCCACCCACAGTGCTGGCAAAAGGA"	",F:FF:FFFFFF,F::FFFFFFFFFFFFFFF:FFFFF:FFF,F,FFFFFF:F:FF::FFFFFFFFFFF,FFFFF:FFFFFFF,F:FFFFFFF,FFFF,FFF:FFFFF:FFFFFFFFFFFFFFF:F:FFFFFFFFFF:FF,FFF,F"	"A00121:799:HWLVMDRX2:1:2205:22634:18709 1:N:0:TATCTTCAGC+CGAATATTGG GCTGT"	"A00121:799:HWLVMDRX2:1:2205:22634:18709 2:N:0:TATCTTCAGC+CGAATATTGG GCTGT"
"GTCACATACG"	"GTCACATACG|ATACGAAGGA"	"1|1"	"TCTATACCCAAAGTACTTATAATATTCTTACAAGTTTCACATTAAAATAAACTTACATAAAATGCTTTTGATTTCAAATAATGAGCTAATTAATTTGGTTAGTCTTATTCTGTTACTTACGTGGACATTTCTTGACACAGAATGC"	"FFFFFFFFFFFFFFFFFF@FFFFFFFFFFFFFFFFFFFFFFFFFFFFF@FFFFFFFFFFFFFFFFFFFFFFFFFFFFFFFFFFFFFFFFFFFFFFFFFFFFFFFFFFFFFFFFFFFFFFFFFFFFFFFFFFFFFFFFFFFFFFFF"	"TTATTTGTGGAATTAATATAGAAAAAAACCTCTCCTGTTTTGGCAGTGTTTCATTAACAAGTATTATGAGTTTATTTGTAAATGAAAGTAATAGTTGCTGTGTTGCAGGCCTGCATGAATCTAAATGACAGTGGAGCGTGTGTTA"	"@FFFFFFFFFFFFFFFFFFFFFFFFFFFFFFFFFFFF@FFFFFFFFFFFFFFFFFFFFFFFFFFFFFFFFFFFFF@FFFFFFFFFFFFFFFFFFFF@FFFFFFFFFFFFFFFFFFFFFFFFFFFFFFFFFFFFFFFFFFFFFFFF"	"A00121:799:HWLVMDRX2:1:2252:3025:20666 1:N:0:TATCTTCAGC+CGAATATTGG GTCAC"	"A00121:799:HWLVMDRX2:1:2252:3025:20666 2:N:0:TATCTTCAGC+CGAATATTGG ATACG"
"GTCACTACGA"	"GTCACTACGA"	"2"	"TTTTCATAAGTCGATGTTTCATATTTGATCCCTCCATTTCCTCATCCCAAAAAAAACGGAAAAGTAGGGGTTCATCTTTGAATTCGCTTTTTTAAAGGACTACAGAAAAAAACAGATGTAAATTAATTCAGCTAATTCAAAAATG"	"@FFFFFFFFFF@FFFFFFFFFFFF@FFFFFF::9FFFFFFFFFFFFFFFFFF:FFFFFFFFFFFFFFFFFFFFFFFFFFFFFFFFFFFFFFFFFFFF9FFFFFF@FFFF9FFFFFFFFFFFFFFFFFFFFF@FFFFFFFFFFFFF"	"TGGTTAAATTTTAAAATTTTACATTTATAAGAAAGATTATTTTTTTTAAAAAATTCAAAATCATAAAATTAAAGATAATTGAAATAACACATTGAATCAAAATTATAGAAAGGAACAGAAAAAAAAAGAAGAGACGGGGCTAAAG"	"FFFFFFFFFFFFFFFFFFFFFFFFFFFFFFFFFFFFFFF@FFFFFFFF@:FFF@F@FF9FFFFFFFFFFFFFFFF:FFFF,FFFFFFFF,FF:FFFFFFFFFFFFFFFFFFFFFFF99FFFFFFFFFFFFFFFF:F,FF@FFFFF"	"A00121:799:HWLVMDRX2:1:2116:10845:35712 1:N:0:TATCTTCAGC+CGAATATTGG GTCAC"	"A00121:799:HWLVMDRX2:1:2116:10845:35712 2:N:0:TATCTTCAGC+CGAATATTGG TACGA"
"GTCGTAACAC"	"GTCGTAACAC"	"1"	"TTCATCGTCTGGTGGGGGTGGAGGTGGACGGGGATGGCCGGAGGAGAGGCGGTGCGGCCGGTGTTCTGCGGAGAACTGGAAATGTGGACGTACTGGTTCTGCTGGGCTGGTGGGGGGGACCCCGGGGTGATGAGCCCCGGAGCCC"	"FFFFFFFFFFFFFFFFFFFFFFFFFFFFFFF:FFFFFFFFFFFFFFFFFFFFFFFFFFFFF:FFFFFFFFFFFFFFFFFFFFFFFFFFFFFFFFFF:FFFFFFFFFFFFFFFFFFF:FFFFFFFFFFFFFFFFF:FFFFFFFFFF"	"ATTCCCAGCGCTCCCAGCTGGAGGCCTATTCCACTCTGCTGGCCAACATGGGCAGTCTGAGCCAGACGCCGGGACACAAGGCTGAGCAGCAGCAGCAGCAGCAGCAGCAGCAGCAGCAGCATCAGCATCAGCAGCAGCAGCAGCA"	"FFFFFFFFFFFFFFF:FFFFFFF:FFFF:,F:FFFFFFFFFFFFFFFFFFFFFFFFFFFFFF:FFFFFFFFFFFFFFFFF:FFFFFFFFFFFFFFFFF:FFFFFFFFFFFF:FFFFFFFFF,:FFFFFFFFF,:FFFFF:FFF:F"	"A00121:799:HWLVMDRX2:1:2276:4074:15875 1:N:0:TATCTTCAGC+CGAATATTGG GTCGT"	"A00121:799:HWLVMDRX2:1:2276:4074:15875 2:N:0:TATCTTCAGC+CGAATATTGG AACAC"
"GTCGTAGCAT"	"GTCGTAGCAT"	"1"	"TCATTTCTTATAGTCAAATCTGACAGCAGAGGAGAAGAACAAGAGGACAGTTGTAGATACAAGTAGGATTGTGGTGTGACAATGAGGGAGTGAACGACTGATGGTTTTAATTTCCTCAAAATATATGAGATGACATCATCAACGG"	"FF::FFF,FFFFFFFFFFFFFFFF,FFFFFFFFFFFFFFFFFFFFFFFFFFFFFFFFF:FF:FFFFFFFFFFFFFFFFFFFFFFFFFFFFFFFFFFFFFFF:FFF,FFFFFFFFFFFFF,FFFFFFFFFFFFFFFFFFFFFFFFF"	"CTGCAGGAGAACTCCGCCAGCATCGTCATGGTCACAAACCTGGTGGAAGTGGGCAGGGTAAGCCTCTCCTGCACTCGCCTGGGCAGAGGATGCTGGAGATGCACTCTCGAACATCTCTTTGTTCCATGCATCGTGCTAAGTGCCT"	"FFFF,FFFFF,FFFFFFFFFFFFFFFFFFFFFFFFFFFFFFFFFFFFFFFFFFFFFFFF:FFFFFFFFFFFFFFFFFFF:FFFFFFFFFFFFFFFFFFFFFFFFFFFFFFFFF:FFFFFF::FFFFFF::FFFFFFF,FFFFFFF"	"A00121:799:HWLVMDRX2:1:2220:23176:7780 1:N:0:TATCTTCAGC+CGAATATTGG GTCGT"	"A00121:799:HWLVMDRX2:1:2220:23176:7780 2:N:0:TATCTTCAGC+CGAATATTGG AGCAT"
"GTCGTTCGTG"	"GTCGTTCGTG"	"1"	"TTACAGAGTAACAGACTAGCTAGAGACAATGAATTAAGGGAAAATGACAAAGAACAGCTCAAAGCAATTTCTACACGAGATCCTCTCTCTGAAATCACTGCGCAGGAGAAAGATTTTCTATGGACCACAGGTAAGTGCTAAAATG"	"FFFFFFFFFFFFFFFF:FFFFFFFFFFFFFFFF:FFFF:FFFFFFFFFFFFFFFFFFF:FFFF,FFFF:FFFFFF:FFFFFFFFFFFFFFFFFFFFFF,F:FFFF:FFFFFFFFFFFFFFFFFFFFFFFFFFFFFFFFF:FFFFF"	"TTCTGTAATAAAGAAAAAGAAACAGAGAATCTCCATTTTAGCACTTACCTGTGGTCCATAGAAAATCTTTCTCCTGCGCAGTGATTTCAGAGAGAGGATCTCGTGTAGAAATTGCTTTGAGCTGTTCTTTGTCATTTTCCCTAAA"	"FFFFFFFFFFFFF:FFFFFFFFFFFFFFFFFFFFFFF,FFFFFFFFFFFFFFFFFFFFFFFFFFFFFFF:::FFFFF,FFFFFFFFFFFFFFF:F:FFFFFFFFFFFFFFFFF,FF:FFFFFF,FFFFFFFFFFFFFF:FFF,FF"	"A00121:799:HWLVMDRX2:1:2230:29848:36871 1:N:0:TATCTTCAGC+CGAATATTGG GTCGT"	"A00121:799:HWLVMDRX2:1:2230:29848:36871 2:N:0:TATCTTCAGC+CGAATATTGG TCGTG"
"GTGAGAAGGA"	"GTGAGAAGGA"	"1"	"ATTTTCTGGATGGCTCTGCTTCCCATCTCATCCTACCTCGCATCCCCTTTGCTGATGTGAAAAGTTTTGCTTGTGAAAACAATGACTTTCTTGTCACAGATGGCAAGGTCATTTTCCAACAGGATGCTTTGTCTTTTAATGAATT"	"FFFFFFFFFFFFFFFFFFF:FFFFFFFFFFFFFFFFFFFFFFFFFFFFFFFFFFFFFFFFFFFFF:FFFFFFFFFFFFF:F:FFFFFFFFFFFFFFFFFFFFFFF:FFFFFFFFFF:FFF:FFFFFFFFFFFFFFFFFFFFF,FF"	"TCTATGTGACTCAGGTCACATCCCACGATGAATTCATTAAAAGACAAAGCATCCTGTTGGAAAATGACCTTGCCATCTGTGACAAGAAAGTCATTGTTTTCACAAGCAAAACTTTTCACATCAGCAAAGGGGATGCGAGGTAGGA"	"FFFFFFFFFFFFFFFFF:F:FFFF:FF:FFFFFFFFFF:FFFFFFFFFFFFFFFFFF:FFF:FFFFFFFFFFFFFFFFFFFFFFFFF:FFFFFFFFFF,FFFFFFFFFFFFFFF:FFFFFFFF:F,:FFFFFFFFFFFFFFF:F,"	"A00121:799:HWLVMDRX2:1:2131:22688:18709 1:N:0:TATCTTCAGC+CGAATATTGG GTGAG"	"A00121:799:HWLVMDRX2:1:2131:22688:18709 2:N:0:TATCTTCAGC+CGAATATTGG AAGGA"
"GTGTCCAGTA"	"GTGTCCAGTA"	"1"	"ATGAAAATGACACTTTGTAAGTCAAAGGGGTATTCGATGATCCCTGTGGTGGGGACTCGAACTCTAAGCACATCTTGTTGCGTAGGCAGGTAGGCAGGGTCAGCTACGCGGTCCAAGTCATTAAGATAGCTAGAGGAGGGAAGAC"	"FFFFFFFFFFFFFFF:FFFFFFFFFFFFFFFFFFFFFFFFFFFFFFFFFFFFFFFFFFFFFFFFFFFFFFFFFFFFFFFFFFFFFFFFFFFFFFFFFFFFFFFFFFFFFFFFFFFFFFFFFFFFF:FFFFFFFFFFFFFFFFFFF"	"CTTGGTGTGATGGTGTCACTGACATTCTCATTGTGTCTTCCCTCCTCTAGCTATCTTAATGACTTGGACCGCGTAGCTGACCCTGCCTACCTGCCTACGCAACAAGATGTGCTTAGAGTTCGAGTCCCCACCACAGGGATCATCG"	"FFFFFFFFFFFFFFFFFFFFFFFFFFFFF:FFFFFFFFFFF:FFFFFF:FFFFFFF:FFFFFFFFFFFFFFFFFFFF:FFFFFFFFFFFFFFFFFFFF,FFFFFFFFFFFFFFFFFFFFFFF:FFFFFFFFFFFFFFFFFFFFFF"	"A00121:799:HWLVMDRX2:1:2263:18864:28776 1:N:0:TATCTTCAGC+CGAATATTGG GTGTC"	"A00121:799:HWLVMDRX2:1:2263:18864:28776 2:N:0:TATCTTCAGC+CGAATATTGG CAGTA"
"GTGTCCGGTT"	"GTGTCCGGTT"	"1"	"ATAGCTTCTCCAATATCACCCCATTCTCCAACATCTGGAGAAGATTCAACCCTACCCCATTTGGCCACTACATCTACTTACGGCGCTTCGTACCATCACCGTTCTTTGTACTGTCCGAAACTTGCTGCTTTCTGATGCTATCTTC"	"FFFFFFFFFFFFFFFFFFFFFFFFFFFFFFFFFFFFFFFFFFFFFFFFFFFFFFFFFFFFF:FFFFFFFFFFFFFFFFFFFFFFFFFFFFFFFFFFFFFFFFFFFFFFFFFFFFFFFFFFFFFFFFFFFFFFFFFFFFFFFFFFF"	"GTCAGGAAGAGACAGGAAGGCGGATGAAGATAGCATCAGAAAGCAGCAAGTTTCGGACAGTACAAAGAACGGTGATGGTACGAAGCGCCGTAAGTAGATGTAGTGGCCAAATGGGGTAGGGTTGAATCTTCTCCAGATGTTGGAG"	"FFFFFFFFFFFFFFFFFFFFFFFFFFFFFFFFFFFFFFF:FFFFFFFFFFFFFFFFFFFFFFFFFF:FFFFFFFFFFFFFFFFFFFFFFF:FFFFFFF,FFFFFFFFFFFF:FFFFFFFFFFFFFFFFFFFFFFFFFFFFFFFFF"	"A00121:799:HWLVMDRX2:1:2178:13006:24674 1:N:0:TATCTTCAGC+CGAATATTGG GTGTC"	"A00121:799:HWLVMDRX2:1:2178:13006:24674 2:N:0:TATCTTCAGC+CGAATATTGG CGGTT"
"GTGTCCTTGG"	"GTGTCCTTGG|CTTGGAGTAC|AAGGACACTG"	"1|1|1"	"ATCAAAAATCTCCATGCTGGTATTCTTCAATTTGTTAAATAGCATTGGATACAGAGCACGACTCAAGTCTTGTCCCACCAGATCCTTAACATTGGTCAGTATTTGAAGTCCCATTATTTTCTGGTCGCACACCGTTACGGACAAA"	"FFFFFFFFFFFFFFFFFFFFFFFFFFFFFFFF9FFFFFFFFFFF@FFFFFFFFFFFFFFF@FFFFFFFFFFF9FFF9FFFFFFFFFFF9FFFFFFFFFFFF9FFFFF@FFFFFFFFFF@FFFFFFFFFFFFFFFFFFFFFFFF@9"	"ATGTCATGTTATGGATCGGATGTTTTCCATGATGGTGAGTCCCTATGAGCAAGTAGAACTTCAAATACGGACCCATGCTAAGGGTCAGGCGGGTCTGTTATTGAGTCCTGCTGTGTATCCAAGGCCAATTAACGAATTGAAGAAT"	"FFFF@FF@FFFFF@FFFFF@FFFFFFFFFFFFFFFFFFFFFFFFFFFFFFFFFFFFFFF@FF9F:FFFFFFFF9FFFFFFFFFFF@FFFFFFFFFFF9FFFFFFFFFFFFFFFFFFFFFFFFFFF@9F@FF@FFFFFFFFFFFFF"	"A00121:799:HWLVMDRX2:1:2116:10366:27305 1:N:0:TATCTTCAGC+CGAATATTGG GTGTC"	"A00121:799:HWLVMDRX2:1:2116:10366:27305 2:N:0:TATCTTCAGC+CGAATATTGG CTTGG"
"TACGAAAGGA"	"TACGAAAGGA"	"1"	"TGCCGTATTATGGGGAAGGAGGACGCATTCTGGAGATCCGGACTCCAGAGGCAGTGACCAGCATTAAAAAGAGAGGAGAAAGTCTAGGATACACAGAAGGGGCCTTGTTGGCTCTGGCCTTCATCATCATCCTCTGCTGCATTCC"	"FFFFFFFFFFFFFFFFFFFFFFFFFFFFFFFFFFFFFFFFFFFFFFFFFFFFFFFFFFFFFFFFFFFFFFFFFFFFFFFFFFFFFFFFFFFFFFFFFF:FFFFFFFFFFFFFFFFFFFFFFFFFFFFFFFFFFFFFFFFFFFFFF"	"TCCAAGATGGCAGGAATGCAGCAGAGGATGATGATGAAGGCCAGAGCCAACAAGGCCCCTTCTGTGTATCCTAGACTTTCTCCTCTCTTTTTAATGCTGGTCACTGCCTCTGGAGTCCGGATCTCCAGAATGCGTCCTCCTTCCC"	"FFFFFFFFFFFFFFFFFFFFFFFFFFFFFF,FFFFFFFFFFFFFFFFFFFFFFFFFFFFFFFFFFFFFFFF:FFF,F,FFFFFFFFFFFFFFFFFFFFFFFFFFFFFFFFFFFFFFFFFFFFFFFFFFFFFFFFFFFFFFFFFFF"	"A00121:799:HWLVMDRX2:1:2152:28999:13103 1:N:0:TATCTTCAGC+CGAATATTGG TACGA"	"A00121:799:HWLVMDRX2:1:2152:28999:13103 2:N:0:TATCTTCAGC+CGAATATTGG AAGGA"
"TACGAACAAC"	"TACGAACAAC"	"1"	"TCGTATTTATAGCTGATTTGATGGAGTTGGACATGGCCATGGAACCAGACAGAAAAGCGGCTGTTAGTCACTGGCAGCAACAGTCTTACCTGGACTCTGGAATCCATTCTGGTGCCACTACCACAGCTCCTTCTCTGAGTGGTAG"	"FFFFFF:FFFFFFFFFFFFFFFFFFFFFFF:F:FFFFFFFFFF,FFFFFFFFF:FFFFFFFFFFF:FFFFFFFFFFFFF::FFFFFFFFFFFF:FFFFFFF,FFFFFFFFFFFFFF:FFFFFFF:FFFFFFFFFFFFFFFFFF:F"	"TACCACTCAGAGAAGGAGCTGTGGTAGTGGCACCAGAATGGATTCCAGAGTCCAGGTAAGACTGTTGCTGCCAGTGACTAACAGCCGCTTTTCTGTCTGGTTCCATGGCCATGTCCAACTCCATCAAATCAGCTATAAATACGAT"	"FFFFFF,FFFFFFFFFFFF:FFFFFFFFFFF:FFFFFFFFFFFFFFFFFFFFFFFFF,FFFFFFFFFFFFFFFFFFFFF,FFFFFFFF,:FFF:FFFFFF,:FFFFFFFFF,FFFFFFF:FFF,FFFFFFFFFFFFFFF:FFFFF"	"A00121:799:HWLVMDRX2:1:2166:22950:32941 1:N:0:TATCTTCAGC+CGAATATTGG TACGA"	"A00121:799:HWLVMDRX2:1:2166:22950:32941 2:N:0:TATCTTCAGC+CGAATATTGG ACAAC"
"TACGAAGCAT"	"TACGAAGCAT"	"1"	"TGGAAATAGGTTTCATGGACTCAGTTACTACCTGAAAATGACACTTTGTAAGTCAAAGGGGTATTCGATGATCCCTGTGGTGGGGACTCGAACTCTAAGCACATCTTGTTGCGTAGGCAGGTAGGCAGGGTCAGCTACGCGGTCC"	"FFFFFFFFFFFFFFFFFFFFFFFFFFFFFFFFFFFFFFFFFFFFFFFFFFFFFFFF:FFFFFFFFFFFFFFFFFFFFFFFFFFFFFFFFFFFFFFFFFFFFFFFFFFFFFFFFFFFFFFFFFFFFFFFFFFFFFFFFFFFFFFFF"	"CTTCCAGTAATGGAAGGTTGACTTTATCTTTCTTTTCCACAGACTCCTCTACCACTTTCTGATATTTTTCTTTCTCTTCTTTACTTCTCTGTTAGGACTCATTTTTGTCCTTCCCTTTCCGTAGACAGCTTTGGTGTGATGGTGT"	"FFFFFFFFFFFFFFFF:FFFFFFFFFFFFFFFFFFFFFFFFFFFFFFFFFF:FFFF:FFFFFFFF,FFFFFFFFFFFFFFFFFFFF:FFFF,FFFF,FFFFF,:FFFFFFFFFFFFFF:FFFFFFFFFF,:FFFFFFFFFFFFFF"	"A00121:799:HWLVMDRX2:1:2255:10827:21120 1:N:0:TATCTTCAGC+CGAATATTGG TACGA"	"A00121:799:HWLVMDRX2:1:2255:10827:21120 2:N:0:TATCTTCAGC+CGAATATTGG AGCAT"
"TACGAGCTGT"	"TACGAGCTGT|CAGTAGCCAT"	"1|1"	"CTTACTCAATAAAGAAAATAAGTGTTTTTTGGTCCAGTCTTACCTATGCTCTTTTCTTCTTTTGCAATTTTTGTGCAAGCAACATCTCCCATTTCCGTGAGCATGTATAGCACCTCGAGTGTTGAAATTACAAGCAGCACATCAG"	"FFFFFFFFFFFFFFFFFFFFFFFF@FF9FF@FFFFFFFFFFFFFFFFFFFFFFFFFFFFFFFFFFFFFFFF9FF@FFF9@F9FFFFFFF9FFFFFFFFFFFFFFFFFFFFFFFFFFFFFFFFFFFFF9FF@FF9FFFFFFFFFFF"	"TGTCATCTCACTTTACCTGATGTGCTGCTTGTAATCTCAACACTCGAGGTGCTATACATGCTCACGGAAATGGGACATGTTGCTTGCACAAAAATTGCAAAAGTAGAAAAGAGCATAGGTAAGACTGGACCAAAAAAGACTTATT"	"FFFFFFFFFFFFFFFFFFFFFFFFFFFFFFFFFFFFFFFFFFFFFFF9FFF@@FFFFFFFFFFFFFFFFFFFF@FFFFFFFFFFFFFFFFFFFFFFFFFFFF@FFFFFFFFFFFFFFFFFF9F9:FF9FFFFFF9FFFFF9FFFF"	"A00121:799:HWLVMDRX2:1:2276:11903:31814 1:N:0:TATCTTCAGC+CGAATATTGG TACGA"	"A00121:799:HWLVMDRX2:1:2276:11903:31814 2:N:0:TATCTTCAGC+CGAATATTGG GCTGT"
"TACGATCCTA"	"TACGATCCTA|CAGTAGCATA|AATGCAAGGA"	"1|1|1"	"CTCCATCAGCCGCTCCTCTCTGCTCCGAGGCCCAGCGGGGGTCGCCAACTCCGCGCCAGCCGCCGCCGCCGTCGAGGCCACCGAAGACGCCGACCTGGACCCTAGCCGCCGGGCCACGGCTGCCGCCGCACCCGCCAGCTCCACC"	"FFFFFFFFFFFFFFFFFFFFFFFFFFFFFFFFFFFFFFFFFFFFFFFFFFFFFFFFFFFFFFFFFFFFFFFFFFFFFFFFFFFFFFFFFFFFFFFFFFFFFFFFFFFFFFFFFFFFFFFFFFFFFFFFFFFFFFFFFFFFFFFFF"	"TGCCGGCGGAGGGCGAAGAGGAGCCTGAGGAGGCCGAGCACCAATATGTGCCCTGCTGCAGCAGCTGCCTCCGCAGCAGCCGGTGGGACGGTGGAGGCCGTGTTGGCGGTCGCGGCGGAACCCGTCGCCCGTGGGCCGGGGATGG"	"FFFFFFFFFFFFFFFFFFFFFFFFFFFFFFFFFFFFFFFFFFFFFFFFFFFFFFFFFFFFFFFFFF@FFFFFFFFFFFFFFFFFFFFFF@F@FFFFFFFFFFF3FF@FFFFFFFFFFFFFFFFF9F@FFFFFFFFFFFFFFFFFF"	"A00121:799:HWLVMDRX2:1:2102:12382:32769 1:N:0:TATCTTCAGC+CGAATATTGG TACGA"	"A00121:799:HWLVMDRX2:1:2102:12382:32769 2:N:0:TATCTTCAGC+CGAATATTGG TCCTA"
"TCGTGAATGC"	"TCGTGAATGC"	"2"	"TGGAGAGAGGCTCAGGAGTACATAGTGACACTTCATGACCCATGGACACTTGATTGGTATTTCCACTAGAAGGAGTATCACATCCTACTCCATAAAAAAGGAGAAAGTGACATGAACTACTATCTGCCTGCTAGAAAAAAGAAGG"	"FFFFFFFFFFFFFFFFFFFFFFFFFFFFFFFFFFFFFFFFFFFFFFFFFFFFFFFFF@FFFFFFFFFFFFFFFFFFFFFFFFFFFFFFFFFFFFFFF@FFFFFFFFF9FFFFFFFFFFFFFFFFFFFFFFF@FFFFFFFFFFFF:"	"CTGGTTGTCAGTGCGTCAGTAAAGCTTCTTTCCTTCTTTTTTCTAGCAGGCAGATAGAAGTTCATGTCACTTTCTCCTTTTTTCTGGAGTAGGATGTGATACTCGTTCTAGTGGAAATACCAATCAAATGTCCATGCGTCATGAA"	"FFFF:FFFFFF@FFFFFFFFFFFFFFFFFFFFFFFFFFFFFFFFFFFFFFF@FFFFFFFFFFFFFFFFFFFFFFFF@FFFFFFFFFFFFFFFFFFFFFFFFFFFFFFF@FFF:FFFFFFFFFF9FFFFFFFFFFFF:FFF9FFFF"	"A00121:799:HWLVMDRX2:1:2165:28528:28698 1:N:0:TATCTTCAGC+CGAATATTGG TCGTG"	"A00121:799:HWLVMDRX2:1:2165:28528:28698 2:N:0:TATCTTCAGC+CGAATATTGG AATGC"
"TCGTGCACTG"	"TCGTGCACTG|ACAACAATGC|AAGGAGTCGT"	"1|1|1"	"TTTTAAAAAAAATGAATCCCTGCTTCGTGCCAGTGCAGCGGCAGGATGTGCAGAATAATCGACACAACAGTGTTCTGTCCAACTTCCAGCTTAGAATCAAGGCTTATTTGGGTTGTCATTGCCATTTCAGCACGCTCCAGGCCCC"	"FFFFFFFFFFFFFFFFFFFFFFF@FFFFFFFFFFFFFFFFFFFFFFFFFFFFFFFFFFFFFFFFFFFFFFFFBFFFFFFFFFFFFFFFFFFF9FFFFFFFFFFFFFFFFFFFFFFFFFFFFFFF9FFFFFFFFFFFFFFFF@FFF"	"TACAAATTTCTTTCCTATAAGTTACCACGAGAATGAAGCTGTGAACTAGTAGACCGAAGGGGACTGATAACAATGACCATTCCATGCGTGGCAGCCCTAAGGGAGGGCCGGCCTATGGCTACTGCGAAAGCACCAACGGGTAATT"	"FFF9FF@FFFFFFFFFFFFFFFFFFFFFFFFFFFFFFFFFFFFFFFFFFF@FFFFF@FFFFFFFFFFFFFFFFFFFFFFFFFFFFFFFFFFFFF@FFFF@FFF9FFFFFFFFFF@FFFFFFFFFFFFFFFFFFF@FFF9FFF9F9"	"A00121:799:HWLVMDRX2:1:2223:1669:5415 1:N:0:TATCTTCAGC+CGAATATTGG TCGTG"	"A00121:799:HWLVMDRX2:1:2223:1669:5415 2:N:0:TATCTTCAGC+CGAATATTGG CACTG"
"TCGTGGCTAA"	"TCGTGGCTAA"	"1"	"TCACACATATATGTATATATTTCATGCAAACTAGATAACTACCTGTAATTTTTCTTTCATTTCTTACAGTTTTATGGTCCTTTACTCACCTTGGTTGACCTTGTAGACCTGTGTGTAGATATTTCAAAAGGCTGTGTCTACTTGG"	"FFFFFFFFFFFFFFFFFFFFFFFFFFFFFFFFFFFFFFFFFFFFFFFFFFFFFFFFFFFFFFFFFFFFFFFFFFFFFFFFFFFFFFFFFFFFF::FFFFFFFFFF:FFFFFFFFFFF:FFFFFFFFFFFFFFFFFFFFFF:FFF:"	"CTGAATTGTACCTGTGAATGAAATGCATCCGTTCCAAGTAGACACAGCCTTTTGAAATATCTACACACAGGTCTACAAGGTCAACCAAGGTGAGTAAAGGACCATAAAACTGTAAGAAATGAAAGAAAAATTACAGGTAGTTATC"	"FFFFFFFFFFFFFFFFF:FFFFFFFFFFFFFFFFFFFFFFFFFFFFFFFFFFFFFFFFFFFFF:FFFFFFFFFFFFFFFFFFFFFFFFFFFFFFFF:FFFFFFFFFFFFFFFFFFFFFFFFFFFFFFFFFFFFFFFFFF:FFFFF"	"A00121:799:HWLVMDRX2:1:2101:15374:12962 1:N:0:TATCTTCAGC+CGAATATTGG TCGTG"	"A00121:799:HWLVMDRX2:1:2101:15374:12962 2:N:0:TATCTTCAGC+CGAATATTGG GCTAA"
"TCGTGGTCGT"	"TCGTGGTCGT"	"1"	"TCCACCTGAGGGCTAGGAGCTCTTGCAGTATTAGGGGGAGGAATCTGTGGAGCTGGGAGAATAAGCTTACCACCTGGTGTTGAAGGACCACGTTTCGGAAGCAGAAGCTGTTTAATCAGACTCGACTCACCAGAGGCAGGCTGAC"	":FF:FFFF:FFFFF,FFFFFFF,:FF:,:,,:,FFFFFFFF,,FFFF:FF:FF:FFF:FF,FF:FFFF:FFFFF:FFFF,FFF,FFFFF:FFF:FFFF:,FFFFF:FF:FFFFFF::FFFFFFFFFFFFFF:FFFFFFFFFFFFF"	"TCTAATAACCAAGTCCCTACTGCCATGTCGTCGTCCTCTACCCCTCAATCACAGGGACCACCTCCTACTGTCAGTCAAATGTTATCTGTGAAAAGGCAGCAACAGCAGCAACATTCACCAGCACCCCCACCCCAGCAGGTACAAG"	"FFF,,::FFFF:F,:FF,:FFFFF,FFFFF:FFFFFFF::FFFF:F,:,FFF,FFFF:F:FFFFFF,F:F:FFF,FF,FFF,F,F:FF:FF:FFFF::F::,:FFF:F::FFF::FFFF:FFFFFFF:FFF,:FFFFFFF,FF:F"	"A00121:799:HWLVMDRX2:1:2121:25491:33489 1:N:0:TATCTTCAGC+CGAATATTGG TCGTG"	"A00121:799:HWLVMDRX2:1:2121:25491:33489 2:N:0:TATCTTCAGC+CGAATATTGG GTCGT"
"TCGTGGTGTC"	"TCGTGGTGTC"	"1"	"TTCTGTTAGAGAATATTTGGAGAAGCTGCTGAAAAAAATTTATATCTCTCTCAGTTGATTATATTGGATACACTGGAAAAATGTCTTGCTGGGGTAAGTAAATTGATCTTAAGTAGGCAGGCTTTGTGAATTTAATCTTGAGAAT"	"FFFFFFFFFFFFFFFFFFFFFFFFFFFFFFFFFFF:FFFFFFFFFFFFFFFFFFFFFFFFFFFFFFFFFFFFFFFFF:FFFFFFFFFFFFFFFFF:FFFFFFFFFFFFFFFFFFFFFFFFFFFFFFFFFFFFFFFFFFFFFFFFF"	"ATTCTTGGTCCACATCTGTACTTTGGGACATAAGATCATTCTCAAGATTAAATTCACAAAGCCTGCCTACTTAAGATCAATTTACTTACCCCAGCAAGACATTTTTCCAGTGTATCCAATATAATCAACTGAGAGAGATATAAAT"	"FFFFFF:FFFFFFFFFFFFFF:FFFFFFF:FFFFF:FFFFFFFFFFFFFFFFFFFFFFFFFFFFFFFFF:FFFFFFFFFFFFFFFFFFFFFFFFFFFFFF:FF:FFFF:FFFFF:FFFFFFFFFFFFFFFFFFFFFFFFFFFFFF"	"A00121:799:HWLVMDRX2:1:2120:5430:17127 1:N:0:TATCTTCAGC+CGAATATTGG TCGTG"	"A00121:799:HWLVMDRX2:1:2120:5430:17127 2:N:0:TATCTTCAGC+CGAATATTGG GTGTC"
"TGTCGGTCAC"	"TGTCGGTCAC"	"1"	"TGCTTATTCTCCCAGCTCCACAGATTCCTCCCCCTAATAATGCAAGAGCTCCTAGCCCTCAGGTGGTCTATCAGGTGGCCAGTAACCAAGCCGCAGGTTTTGGAGTGCAGGGGCAAACTCCAGCTCAGCAGCTATTGGTTGGGCA"	"FFFFFFFFFFFFFFFFFFFFFFFFFFFFFFFFFFFFFFFFFFFFFFFFFFFFFFFFFFFFFFFFFFFFFFFFFFFFFFFFFFFFFFFFFFFFFFFFFFFFFFFFFFFFFFFFFFFFFFFFFFFFFFFFFFFFFFFFFFFFFFFFF"	"TCTGACTCACAGTTGCAGGTGCAAAACTCGTATTTGGCACAACTGTTATGGTTACCTGGTTGCCAGAAGTCCCTTGGAAAATGGTTGCTGGGCTATTTGAGATCAGTGGACCTGGCAATATTTGTAAGTTCGAAATGGGCACAGT"	"FFFFFFFFFFFFFFFFFFFFFFFFFFFFFF:FFFFFFFFFFFFFFFFFFFF:FFFFFFFFFFFFFFFFFFFFFFFFFFFFFFFFFFFFFFFFFFFFFFFFFFFFFFFFFFFFFFFFFFFFFFFFFFFFFFFFFFFFFFFFFFFFF"	"A00121:799:HWLVMDRX2:1:2149:7780:8954 1:N:0:TATCTTCAGC+CGAATATTGG TGTCG"	"A00121:799:HWLVMDRX2:1:2149:7780:8954 2:N:0:TATCTTCAGC+CGAATATTGG GTCAC"
"TGTCGTCGTG"	"TGTCGTCGTG|CGAATGCCAT"	"1|1"	"TGCCAGGCTCTCCCCCATGCGGAAATCCTTAGCAGAGGGCAGCTGTCTCCCTCCACTGGGTGTGTGGACAGGAGGGTGGATGGTCCATGATTGAAGTTATTGGCTTCAGGACATTTGAGCTTTCTCCAGCTACGAGAAGGGGACA"	"FFFFFFFFFFFFFFFFFFFFFFFFFFFFFFFFFFFFFFFFFFFFFFFFFFFFFFFFFFFFFFFFFFFFFFFFFFFFFFFFFFFFFFFFFFFFFFFFFFFFFFFFFFFFFFFFFFFFFFFFFFFFFFFFFFFFFFFFFFFFFFFFF"	"TGCAACATCCCCTTTTGTCCCCTTCTCGTAGCTGGAGAAAGCTCAAATGTCCTGATGCCAGTAAGTTCATTCATGGACCATCCACCCTCCTGTCCACACACCCAGTGGAGGGAGACAGCTGCCCTCTGCTCAGGATTTCCGCATG"	"FFFFFFFFFFFFFFFFFFFFFFFFFFFFFFFFFFFFFFFFFFFFFFFFFFFFFFFFFFFFFFFFFFFFFFFF@FFFFFFFFFFFFFFFFFFFFFFFFFFFFFFFFFFFFFFFFFFFFFFFFFFFFFFFFFFFFFFFFFFFFFFFF"	"A00121:799:HWLVMDRX2:1:2204:27787:29293 1:N:0:TATCTTCAGC+CGAATATTGG TGTCG"	"A00121:799:HWLVMDRX2:1:2204:27787:29293 2:N:0:TATCTTCAGC+CGAATATTGG TCGTG"
"TGTCGTTGGC"	"TGTCGTTGGC|CATGAAAGGA"	"1|1"	"TGGTGGGCTGCAGCACAGGGTCACGGCAAAGACTGCACCAGATGTATTACGTACCAAGCCTGCCTTCATTGGGATGACCAACTTGGATGGCATGATTACTGTGCAACTGCCTGAAGTACCTGCAAATGAGAATATAAAGTAAGTT"	"FFFFFFFFFFFFFFFFFFFFFFFFFFFFFFFFFFFFFFFFFFFFFFFFFFFFFFFFFFFFFFFFFFFFFFFFFFFFFFFFFFFFFFFFFFFFFFFFFFFFFFFFFFFFFFFFFFFFFFFFFFFFFFFFFFFFFFFFFFFFFFFFF"	"TATAATTCTTTCCTTCAGCCCTAAGCCTTCAATCAACTTACTTTATATTCTCATTTGCAGGTACTTCAGGCAGTTGCACAGTAATCATGCCATCCAAGTTGGTCTTCGCAATGAAGGCAGGCTAGGTACGTAATACATCTGGTGC"	"FFFFFFFFFFFFFFFFFFFFFFFFFFFFFFFFFFFFFFFFFFFFFFFFFFFFFFFFFFFFFFFFFFFFFFFFFFFFFFFFFFFFFFFFFFFFFFFFFFFFFFFFFFFFFFFFFFFFFFFFFFFFFFFFFFFFFFFFFFFFFFFFF"	"A00121:799:HWLVMDRX2:1:2157:1172:22153 1:N:0:TATCTTCAGC+CGAATATTGG TGTCG"	"A00121:799:HWLVMDRX2:1:2157:1172:22153 2:N:0:TATCTTCAGC+CGAATATTGG TTGGC"
"TGTGCCGATA"	"TGTGCCGATA|GCTGTCAGAC"	"1|1"	"CTCCCGGAAAGAAGTCAGAGACGCCGCGAGGTCGCCGCCACCGCCATGCCCAAGAATAAAGGTAAAGGAGGTAATAATAGACGCAGGGGTAAGAATGAGAATGAATCTGACAAATGCGACCTGGTCTTCAAAGAGGAGGGTCAGG"	"FFFFFFFFFFFFFFFFFFFFFFFFFFFFFFFFFFFFFFFFFFFFFFFFFFFFFFFFFFFFFFFFFFFFFFFFFFFFFFFFFFFFFFFFFFFFFFFFFFFFF@FFFFFFFFFFFFFFFFFFFFFFFFFFFFF@FFFFFFFFFFFFF"	"TGCCGTCCATTTCCCAACATTTTGATTACCTGAGCATACTCCTGACCATCCTCTTTGAATACCTGTTCTCTTTTTTCAGGTTCATTCTCATTCTTACCCCTGCGTCTATGTTTACATCCTTTACCTTTATTCATGGGCATGGCGG"	"FFFFFFFFFFFFFFFFFFFFFFFFFFFFFFFFFFFFFFFFFFFFFFFFFFFFFFFFFFFFFFFFFFFFFFFFFFFFFFFFFFFFFFFFFFFFFFFFFFFFFFFFFFFFFFFFF@FFFFFFFFFFFFFFFFFFFF@FFFFFFFFFF"	"A00121:799:HWLVMDRX2:1:2111:9634:10504 1:N:0:TATCTTCAGC+CGAATATTGG TGTGC"	"A00121:799:HWLVMDRX2:1:2111:9634:10504 2:N:0:TATCTTCAGC+CGAATATTGG CGATA"
"TGTGCGCATA"	"TGTGCGCATA"	"1"	"CTTGAGTACAGAAGTAAACATTCTTGCATCTTCAGATACACCTCCGATGTAGAATTTTTTCTGAAACACTGGGGGATGATTATTTTCATCCTGAATCTCAATGTATACTTTAGCTGTATTGCCTGGAGGACAAGAAACGATGCAT"	"FFF:F:FFFFFFFFFFF,FFFFFFF:F:FFFFF:,FFFFFF:FF:FFFFFFFFFFF,FF:FFFFFF:::F::FFFFFFFFFFFF,FFFF:,F,FFFFFFFFFF:FFF,,F,FF,FFFFFFF:FFFFFFFFFFFFFFFFFFF,FFF"	"GTCCCATGAATAACCACCAATAAAAAATGCATCGTTTCTTGTCCTCCAGGCAATACAGCTAAAGTATACATTGAGATTCAGGATGAAAATAATCATCCCCCAGTGTTTCAGAAAAAATTCTACATCGGAGGTGTATCTGAAGATG"	"FFFFFFFFFFFFFFFFFFFFFFFFFFFFFFFFFFFFFFFFFFFFFFFFFFFFFFFFFFFFFFFF,F:FFFFFFFFFFFFFFFFFFFFFFFFFFFFFFFFFFF:FFFFFFFFFFFFFFF:FFFFFFFFFFFFFFFFFFFFFF,FFF"	"A00121:799:HWLVMDRX2:1:2148:31602:26694 1:N:0:TATCTTCAGC+CGAATATTGG TGTGC"	"A00121:799:HWLVMDRX2:1:2148:31602:26694 2:N:0:TATCTTCAGC+CGAATATTGG GCATA"
"TTGGCAAGGA"	"TTGGCAAGGA"	"1"	"TTAGGGACCCTTACAATGCAATTGAAGCCATAGACCCAGAGAAACTGAACGTCTTTCGGACAGTCAGAGAGATAACAGGTAATTTTTTAAACTGCAACTGTTGCGCTATGAACAATATAATTTTTTTAAAAATTACATAAGATTG"	"FFFFFFFFFFFFFFFFFFFFFFFFFFFFFFFFFFFFFFFFFFFFFFFFFFFFFFFFFFFFFFFFFFFFFFFFFFFFFFFFFFFFFFFFFFFFFFFFFFFFFFFFFFFFFFFFFFFFFFFFFFFFF:FFFFFFFFFFFFFF:FFFF"	"TAGTCAATCTTATGTAATTTTTAAAAAAATTATATTGTTCATAGCGCAACAGTTGCAGTTTAAAAAATTACCTGTTATCTCTCTGACTGTCCGAAAGACGTTCAGTTTCTCTGGGTCTATGGCTTCAATTGCATTGTAAGGGTCC"	"FFFFFFFFFFFFFF:FFFFFFFFF:::FFFFFFFFFFFFFFFFFFFFFF:FFFFFF:FFFFF:FF:FFFFFFFFFFFFFFFFFFFFFFFFF:FFFFF:FFFFFFFFFFFFFFFFFFFFFFFFFFFF:FFFFFFFFFFF:FFFFFF"	"A00121:799:HWLVMDRX2:1:2125:27326:4476 1:N:0:TATCTTCAGC+CGAATATTGG TTGGC"	"A00121:799:HWLVMDRX2:1:2125:27326:4476 2:N:0:TATCTTCAGC+CGAATATTGG AAGGA"
"TTGGCAATGC"	"TTGGCAATGC"	"1"	"TCATACATTCACCACTTTGCTTTCCGGTTCCAGACAACACGGCGGGAATCTTAACTCGGAAAAATGGCTATAATAGACACGAGATGAGCACCTATCTCTTGCCTGTGGTCATTTCAGACAACGACTACCCAGTTCAAAGCAGCAC"	"FFFFFFFFFFFFFFFFFFFFFFFFFFFFFFFFFFFFFFFFFFFFFFFFFFFFFFFFFFFFFFFFFFFFFFFFFFFFFFFFFFFFFFFFFFFFFFFFFFFFFFFFFFFFFFFFFFFFFFFFFFFFFFFFFFFFFFFFFFFFFFFFF"	"CTCCCGGACAGTCACTGTCCCAGTGCTGCTTTGAACTGGGTAGTCGTTGTCTGAAATGACCACAGGCAAGAGATAGGTGCTCATCTCGTGTCTATTATAGCCATTTTTCCGAGTTAAGATTCCCGCCGTGTTGTCTGGAACCGGA"	"FFFFFFFFFFFFFFFFFFFFFFFFFFFFFFFFFFFFFFFFFFFFFFFFFFFFFFFFFFFFFFFFFFF:FFFFFFFFFFFFFFFFFFFFFFFFFFFFFFF,FFFFFFFF:FFFFFFFFFFFFFFFFFFFFFFFFFFFFFF,FFFFF"	"A00121:799:HWLVMDRX2:1:2251:21847:7545 1:N:0:TATCTTCAGC+CGAATATTGG TTGGC"	"A00121:799:HWLVMDRX2:1:2251:21847:7545 2:N:0:TATCTTCAGC+CGAATATTGG AATGC"
"TTGGCATACG"	"TTGGCATACG|TGTCGCGATA"	"1|2"	"TCCAGTGTAGATTATTTAAAGCAAACACATTGTCTGCACTTATGCAGTTACGACTATGATTTTCTGCATCACTTGTAGGACAATCAGGTGAGATATCAAGGAAAAGCCTTCAAAATTGCAAAGTCATAAGAACTTTCAAAACCAG"	"=FFFFFFFFFFFFFFFFFFFFFFFFFFFFFFFFFFFFFFFFFFFFFFFFFFFFFFFFFFFFFFFFFFFFFFFBFFFFFFFFFFFFFFFFFFFFFFFFFFFFFFFFFFFFFFFFFFFFFFFFFFFFFFFFFFFFF@FFFFFFFFBF"	"TTCAAACATGAGTCTGGATGTTTCTGGTGTTGAAATTACTAATATTTTTGCATTTGTGAAGGTTTTTCCTTGATAGAGAAACTGATTGCCTTACAAGTGATGCTGTAAATAATAGTCTTACCTGAATGGGTGACAGCGATGTGGT"	"FFFFFFFFF9FFFFFFFFFFFFFFFFFFFFFFFFFFFFFFFFFFFFFFFFFFF@FFFFFFFFFFFFFFFFFFFFFFFFFFFFFFFFFF@@FFFFFFFFFFFFFFFFFFFFFFFFFFFFFFFFFFFFFFFFFFFFFFFFFFFFFFF"	"A00121:799:HWLVMDRX2:1:2148:1208:26976 1:N:0:TATCTTCAGC+CGAATATTGG TTGGC"	"A00121:799:HWLVMDRX2:1:2148:1208:26976 2:N:0:TATCTTCAGC+CGAATATTGG ATACG"
"TTGGCCACTG"	"TTGGCCACTG"	"1"	"TGATGCTGTTGCTTTTGCCGAACAGCACTTTCTATTGCTACTTTAGCTACAGTGCTTGGATCTGCTCCTGCTGGCACAGCAACCATTGTTGCGCTGCAGCCAGCATTGTTGGGGTCACTGATTGTAACAATTCTAACTCCTACTT"	"FFFFFFFFFFFFFFFFFF,FFFFFFFFFFFFFFFFFFFFFFFFFFFFFFFFFFFFFFFFFFFFFFFFFFFFFFFFFFFFFF:FFFFFFFFFFFFFFFFFFFFFFFFFFFFFFFFFFFFFFFFFFFFFFFFFFFFFFFFFFFF:FF"	"TTAAAGAGGCCAGCAGAGGATACTGATAGGGAAACAGTCGCAGGAATTCCAAATAAAGTAGGAGTTAGAATTGTTACAATCAGTGACCCCAACAATGCTGGCTGCAGCGCAACAATGGTTGCTGTGCCAGCAGGAGCAGATCCAA"	"FFFFFF,FFFFFFFFFFFFFFFFFFFFFFFFFFFFFFFFFFFFFFFFFFFF:FFFFFFFFFFFFFFFFFFFFFFFFFFFFFFFFFFF:FFFFFFFFFFFFFFFF::FFFFFFFFFFF,FFFFFFFFFFFF:FFF:FFFFFFFFFF"	"A00121:799:HWLVMDRX2:1:2108:21450:35008 1:N:0:TATCTTCAGC+CGAATATTGG TTGGC"	"A00121:799:HWLVMDRX2:1:2108:21450:35008 2:N:0:TATCTTCAGC+CGAATATTGG CACTG"
